CREATE DATABASE  IF NOT EXISTS `BRASFOOT` /*!40100 DEFAULT CHARACTER SET utf8mb4 COLLATE utf8mb4_0900_ai_ci */ /*!80016 DEFAULT ENCRYPTION='N' */;
USE `BRASFOOT`;
-- MySQL dump 10.13  Distrib 8.0.32, for Linux (x86_64)
--
-- Host: localhost    Database: BRASFOOT
-- ------------------------------------------------------
-- Server version	8.0.35-0ubuntu0.22.04.1

/*!40101 SET @OLD_CHARACTER_SET_CLIENT=@@CHARACTER_SET_CLIENT */;
/*!40101 SET @OLD_CHARACTER_SET_RESULTS=@@CHARACTER_SET_RESULTS */;
/*!40101 SET @OLD_COLLATION_CONNECTION=@@COLLATION_CONNECTION */;
/*!50503 SET NAMES utf8 */;
/*!40103 SET @OLD_TIME_ZONE=@@TIME_ZONE */;
/*!40103 SET TIME_ZONE='+00:00' */;
/*!40014 SET @OLD_UNIQUE_CHECKS=@@UNIQUE_CHECKS, UNIQUE_CHECKS=0 */;
/*!40014 SET @OLD_FOREIGN_KEY_CHECKS=@@FOREIGN_KEY_CHECKS, FOREIGN_KEY_CHECKS=0 */;
/*!40101 SET @OLD_SQL_MODE=@@SQL_MODE, SQL_MODE='NO_AUTO_VALUE_ON_ZERO' */;
/*!40111 SET @OLD_SQL_NOTES=@@SQL_NOTES, SQL_NOTES=0 */;

--
-- Temporary view structure for view `Artilheiro`
--

DROP TABLE IF EXISTS `Artilheiro`;
/*!50001 DROP VIEW IF EXISTS `Artilheiro`*/;
SET @saved_cs_client     = @@character_set_client;
/*!50503 SET character_set_client = utf8mb4 */;
/*!50001 CREATE VIEW `Artilheiro` AS SELECT 
 1 AS `ID_Atleta`,
 1 AS `Nome_Equipe`,
 1 AS `Nome_Atleta`,
 1 AS `GOLS`,
 1 AS `JOGOS`*/;
SET character_set_client = @saved_cs_client;

--
-- Table structure for table `Atleta`
--

DROP TABLE IF EXISTS `Atleta`;
/*!40101 SET @saved_cs_client     = @@character_set_client */;
/*!50503 SET character_set_client = utf8mb4 */;
CREATE TABLE `Atleta` (
  `ID_Atleta` int NOT NULL AUTO_INCREMENT,
  `Nome_Atleta` varchar(30) NOT NULL,
  `Posicao` varchar(50) DEFAULT NULL,
  `DataNascimento` date DEFAULT NULL,
  `Nacionalidade` varchar(50) DEFAULT NULL,
  `NumeroCamisa` int DEFAULT NULL,
  `EquipeID` int DEFAULT NULL,
  `GOLS` int DEFAULT NULL,
  `JOGOS` int DEFAULT NULL,
  `CA` int DEFAULT NULL,
  `CV` int DEFAULT NULL,
  PRIMARY KEY (`ID_Atleta`),
  KEY `EquipeID` (`EquipeID`),
  CONSTRAINT `Atleta_ibfk_1` FOREIGN KEY (`EquipeID`) REFERENCES `Equipe` (`ID_Equipe`)
) ENGINE=InnoDB AUTO_INCREMENT=664 DEFAULT CHARSET=utf8mb4 COLLATE=utf8mb4_0900_ai_ci;
/*!40101 SET character_set_client = @saved_cs_client */;

--
-- Dumping data for table `Atleta`
--

LOCK TABLES `Atleta` WRITE;
/*!40000 ALTER TABLE `Atleta` DISABLE KEYS */;
INSERT INTO `Atleta` VALUES (1,'Washington Aguerre','Goleiro','1993-04-23','Uruguai',93,1,0,0,0,0),(2,'Mateus Pasinato','Goleiro','1992-06-28','Brasil',14,1,0,0,0,0),(3,'Jori','Goleiro','1996-03-15','Brasil',12,1,0,0,0,0),(4,'Matheus Cavichioli','Goleiro','1986-07-27','Brasil',1,1,0,0,0,0),(5,'Robson','Goleiro','2000-07-09','Brasil',23,1,0,0,0,0),(6,'Iago Maidana','Zagueiro','1996-02-06','Brasil',3,1,0,0,0,0),(7,'Éder','Zagueiro','1995-04-05','Brasil',33,1,0,0,0,0),(8,'Esteban Burgos','Zagueiro','1992-01-09','Argentina',26,1,0,0,0,0),(9,'Ricardo Silva','Zagueiro','1992-08-13','Brasil',45,1,0,0,0,0),(10,'Wanderson','Zagueiro','1991-02-07','Brasil',4,1,0,0,0,0),(11,'Júlio','Zagueiro','2003-09-28','Brasil',18,1,0,0,0,0),(12,'Nicolas','Lateral Esq.','1997-02-24','Brasil',30,1,0,0,0,0),(13,'Marlon Lopes','Lateral Esq.','1994-02-13','Brasil',6,1,0,0,0,0),(14,'Danilo Avelar','Lateral Esq.','1989-06-09','Brasil',22,1,0,0,0,0),(15,'Daniel Borges','Lateral Dir.','1993-03-23','Brasil',20,1,0,0,0,0),(16,'Marcinho','Lateral Dir.','1996-05-16','Brasil',25,1,0,0,0,0),(17,'Lucas Kal','Volante','1996-03-16','Brasil',21,1,0,0,0,0),(18,'Javier Méndez','Volante','1994-12-05','Uruguai',23,1,0,0,0,0),(19,'Juninho','Volante','1987-10-23','Brasil',8,1,0,0,0,0),(20,'Emmanuel Martínez','Meia Central','1994-06-04','Argentina',5,1,0,0,0,0),(21,'Breno Cascardo','Meia Central','2003-09-25','Brasil',28,1,0,0,0,0),(22,'Rodriguinho','Meia Central','2003-06-05','Brasil',75,1,0,0,0,0),(23,'Alê','Meia Central','1990-06-06','Brasil',16,1,0,0,0,0),(24,'Mateus Henrique','Meia Central','2002-10-02','Brasil',36,1,0,0,0,0),(25,'Martín Benítez','Meia Ofensivo','1994-06-17','Argentina',10,1,0,0,0,0),(26,'Matheusinho','Meia Ofensivo','1998-02-11','Brasil',7,1,0,0,0,0),(27,'Juan Cazares','Meia Ofensivo','1992-04-03','Equador',80,1,0,0,0,0),(28,'Pedrinho','Ponta Esquerda','1999-11-10','Brasil',29,1,0,0,0,0),(29,'Everaldo','Ponta Esquerda','1994-05-28','Brasil',37,1,0,0,0,0),(30,'Paulinho Bóia','Ponta Esquerda','1998-06-26','Brasil',47,1,0,0,0,0),(31,'Adyson','Ponta Direita','2005-09-22','Brasil',44,1,0,0,0,0),(32,'Rodrigo Varanda','Ponta Direita','2003-01-11','Brasil',65,1,0,0,0,0),(33,'Felipe Azevedo','Ponta Direita','1987-01-10','Brasil',11,1,0,0,0,0),(34,'Renato Kayzer','Centroavante','1996-02-17','Brasil',79,1,0,0,0,0),(35,'Mikael','Centroavante','1999-05-28','Brasil',87,1,0,0,0,0),(36,'Gonzalo Mastriani','Centroavante','1993-04-28','Uruguai',17,1,0,0,0,0),(37,'Renato Marques','Centroavante','2003-12-09','Brasil',78,1,0,0,0,0),(38,'Aloísio','Centroavante','1988-06-19','China',99,1,0,0,0,0),(39,'Wellington Paulista','Centroavante','1983-04-22','Brasil',9,1,0,0,0,0),(40,'Bento','Goleiro','1999-06-10','Brasil',1,2,0,0,0,0),(41,'Mycael','Goleiro','2004-03-12','Brasil',41,2,0,0,0,0),(42,'Léo Linck','Goleiro','2001-03-03','Brasil',24,2,0,0,0,0),(43,'Gabriel Pereira','Goleiro','2002-07-02','Brasil',43,2,0,0,0,0),(44,'Zé Ivaldo','Zagueiro','1997-02-21','Brasil',3,2,0,0,0,0),(45,'Pedro Henrique','Zagueiro','1995-10-02','Brasil',34,2,0,0,0,0),(46,'Matheus Felipe','Zagueiro','1998-11-09','Brasil',42,2,0,0,0,0),(47,'Kaique Rocha','Zagueiro','2001-02-28','Brasil',4,2,0,0,0,0),(48,'Thiago Heleno','Zagueiro','1988-09-17','Brasil',44,2,0,0,0,0),(49,'Cacá','Zagueiro','1999-04-25','Brasil',25,2,0,0,0,0),(50,'Lucas Esquivel','Lateral Esq.','2001-10-14','Argentina',37,2,0,0,0,0),(51,'Fernando','Lateral Esq.','1999-09-14','Brasil',6,2,0,0,0,0),(52,'Vinicius Kauê','Lateral Esq.','2003-03-01','Brasil',21,2,0,0,0,0),(53,'Bruno Peres','Lateral Dir.','1990-03-01','Brasil',33,2,0,0,0,0),(54,'Madson','Lateral Dir.','1992-01-13','Brasil',22,2,0,0,0,0),(55,'Erick','Volante','1997-11-14','Brasil',26,2,0,0,0,0),(56,'Hugo Moura','Volante','1998-01-03','Brasil',17,2,0,0,0,0),(57,'Fernandinho','Volante','1985-05-04','Brasil',5,2,0,0,0,0),(58,'Christian','Meia Central','2000-12-19','Brasil',88,2,0,0,0,0),(59,'Alex Santana','Meia Central','1995-05-13','Brasil',80,2,0,0,0,0),(60,'Arturo Vidal','Meia Central','1987-05-22','Chile',23,2,0,0,0,0),(61,'Bruno Zapelli','Meia Ofensivo','2002-05-16','Argentina',10,2,0,0,0,0),(62,'Vitor Bueno','Meia Ofensivo','1994-09-05','Brasil',8,2,0,0,0,0),(63,'Thiago Andrade','Ponta Esquerda','2000-10-31','Brasil',19,2,0,0,0,0),(64,'Tomás Cuello','Ponta Esquerda','2000-03-05','Argentina',28,2,0,0,0,0),(65,'Agustín Canobbio','Ponta Direita','1998-10-01','Uruguai',14,2,0,0,0,0),(66,'Emersonn','Ponta Direita','2004-07-16','Brasil',90,2,0,0,0,0),(67,'Vitor Roque','Centroavante','2005-02-28','Brasil',9,2,0,0,0,0),(68,'Rômulo','Centroavante','2002-02-08','Brasil',35,2,0,0,0,0),(69,'Luciano Arriagada','Centroavante','2002-04-30','Chile',32,2,0,0,0,0),(70,'Pablo','Centroavante','1992-06-23','Brasil',92,2,0,0,0,0),(71,'Willian','Centroavante','1986-11-19','Brasil',11,2,0,0,0,0),(72,'Everson','Goleiro','1990-07-22','Brasil',22,3,0,0,0,0),(73,'Matheus Mendes','Goleiro','1999-03-10','Brasil',31,3,0,0,0,0),(74,'Gabriel Delfim','Goleiro','2002-07-10','Brasil',1,3,0,0,0,0),(75,'Igor Rabello','Zagueiro','1995-04-28','Brasil',16,3,0,0,0,0),(76,'Bruno Fuchs','Zagueiro','1999-04-01','Brasil',3,3,0,0,0,0),(77,'Jemerson','Zagueiro','1992-08-24','Brasil',34,3,0,0,0,0),(78,'Mauricio Lemos','Zagueiro','1995-12-28','Uruguai',28,3,0,0,0,0),(79,'Guilherme Arana','Lateral Esq.','1997-04-14','Brasil',13,3,0,0,0,0),(80,'Rubens','Lateral Esq.','2001-06-21','Brasil',44,3,0,0,0,0),(81,'Renzo Saravia','Lateral Dir.','1993-06-16','Argentina',26,3,0,0,0,0),(82,'Mariano','Lateral Dir.','1986-06-23','Brasil',25,3,0,0,0,0),(83,'OtávioVolante','Volante','1994-05-04','Brasil',5,3,0,0,0,0),(84,'Rodrigo Battaglia','Volante','1991-07-12','Argentina',21,3,0,0,0,0),(85,'Alan Franco','Meia Central','1998-08-21','Equador',23,3,0,0,0,0),(86,'Patrick','Meia Central','1992-07-29','Brasil',49,3,0,0,0,0),(87,'Edenilson','Meia Central','1989-12-18','Brasil',8,3,0,0,0,0),(88,'Matías Zaracho','Meia Ofensivo','1998-03-10','Argentina',15,3,0,0,0,0),(89,'Igor Gomes','Meia Ofensivo','1999-03-17','Brasil',17,3,0,0,0,0),(90,'Hyoran','Meia Ofensivo','1993-05-25','Brasil',20,3,0,0,0,0),(91,'Paulinho','Ponta Esquerda','2000-07-15','Brasil',10,3,0,0,0,0),(92,'Cristian Pavón','Ponta Esquerda','1996-01-21','Argentina',9,3,0,0,0,0),(93,'Pedrinho','Ponta Direita','1998-04-13','Brasil',38,3,0,0,0,0),(94,'Hulk','Centroavante','1986-07-25','Brasil',7,3,0,0,0,0),(95,'Eduardo Vargas','Centroavante','1989-11-20','Chile',11,3,0,0,0,0),(96,'Alan Kardec','Centroavante','1989-01-12','Brasil',14,3,0,0,0,0),(97,'Isaac','Centroavante','2004-03-26','Brasil',41,3,0,0,0,0),(98,'Cadu','Centroavante','2004-05-24','Brasil',42,3,0,0,0,0),(99,'Marcos Felipe','Goleiro','1996-04-13','Brasil',22,4,0,0,0,0),(100,'Adriel','Goleiro','2001-01-14','Brasil',35,4,0,0,0,0),(101,'Mateus Claus','Goleiro','1994-08-03','Brasil',77,4,0,0,0,0),(102,'Danilo Fernandes','Goleiro','1988-04-03','Brasil',1,4,0,0,0,0),(103,'Kanu','Zagueiro','1997-03-07','Brasil',4,4,0,0,0,0),(104,'Vitor Hugo','Zagueiro','1991-05-20','Brasil',31,4,0,0,0,0),(105,'Raul Gustavo','Zagueiro','1999-04-24','Brasil',34,4,0,0,0,0),(106,'David Duarte','Zagueiro','1995-01-24','Brasil',33,4,0,0,0,0),(107,'Marcos Victor','Zagueiro','2001-12-26','Brasil',44,4,0,0,0,0),(108,'Gabriel Xavier','Zagueiro','2001-05-06','Brasil',3,4,0,0,0,0),(109,'Camilo Cándido','Lateral Esq.','1995-06-02','Uruguai',38,4,0,0,0,0),(110,'Matheus Bahia','Lateral Esq.','1999-08-11','Brasil',79,4,0,0,0,0),(111,'Ryan Carlos','Lateral Esq.','2002-05-14','Brasil',66,4,0,0,0,0),(112,'Caio Roque','Lateral Esq.','2002-01-09','Brasil',27,4,0,0,0,0),(113,'Gilberto','Lateral Dir.','1993-03-07','Brasil',2,4,0,0,0,0),(114,'André','Lateral Dir.','2003-10-07','Brasil',13,4,0,0,0,0),(115,'Cicinho','Lateral Dir.','1988-12-26','Bulgária',40,4,0,0,0,0),(116,'Nicolás Acevedo','Volante','1999-04-14','Uruguai',26,4,0,0,0,0),(117,'Rezende','Volante','1995-01-02','Brasil',5,4,0,0,0,0),(118,'Diego Rosa','Meia Central','2002-10-12','Brasil',17,4,0,0,0,0),(119,'Yago Felipe','Meia Central','1995-02-03','Brasil',20,4,0,0,0,0),(120,'Léo Cittadini','Meia Central','1994-02-27','Brasil',18,4,0,0,0,0),(121,'Thaciano','Meia Central','1995-05-12','Brasil',16,4,0,0,0,0),(122,'Cauly','Meia Ofensivo','1995-09-15','Brasil',8,4,0,0,0,0),(123,'Patrick Verhon','Meia Ofensivo','2004-09-08','Brasil',23,4,0,0,0,0),(124,'Lucas Mugni','Meia Ofensivo','1992-01-12','Argentina',19,4,0,0,0,0),(125,'Biel','Ponta Esquerda','2001-04-01','Brasil',10,4,0,0,0,0),(126,'Rafael Ratão','Ponta Esquerda','1995-11-30','Brasil',11,4,0,0,0,0),(127,'Luciano Juba','Ponta Esquerda','1999-08-29','Brasil',46,4,0,0,0,0),(128,'Kayky','Ponta Direita','2003-06-11','Brasil',37,4,0,0,0,0),(129,'Ademir','Ponta Direita','1995-02-16','Brasil',7,4,0,0,0,0),(130,'Vitor Jacaré','Ponta Direita','1999-10-24','Brasil',29,4,0,0,0,0),(131,'Everaldo','Centroavante','1991-07-05','Brasil',9,4,0,0,0,0),(132,'Vinicius Mingotti','Centroavante','2000-01-07','Brasil',21,4,0,0,0,0),(133,'Lucas Perri','Goleiro','1997-12-10','Brasil',12,5,0,0,0,0),(134,'Gatito Fernández','Goleiro','1988-03-29','Paraguai',1,5,0,0,0,0),(135,'Igo Gabriel','Goleiro','2001-10-13','Brasil',52,5,0,0,0,0),(136,'João Fernando','Goleiro','2001-03-01','Brasil',57,5,0,0,0,0),(137,'Adryelson','Zagueiro','1998-03-23','Brasil',34,5,0,0,0,0),(138,'Bastos','Zagueiro','1991-03-27','Angola',23,5,0,0,0,0),(139,'Victor Cuesta','Zagueiro','1988-11-19','Argentina',15,5,0,0,0,0),(140,'Philipe Sampaio','Zagueiro','1994-11-11','Brasil',94,5,0,0,0,0),(141,'Sousa','Zagueiro','2001-07-04','Brasil',43,5,0,0,0,0),(142,'Hugo','Lateral Esq.','2001-09-20','Brasil',16,5,0,0,0,0),(143,'Marçal','Lateral Esq.','1989-02-19','Brasil',21,5,0,0,0,0),(144,'Mateo Ponte','Lateral Dir.','2003-05-24','Uruguai',4,5,0,0,0,0),(145,'Rafael','Lateral Dir.','1990-07-09','Brasil',2,5,0,0,0,0),(146,'Leonel Di Placido','Lateral Dir.','1994-01-28','Argentina',24,5,0,0,0,0),(147,'Marlon Freitas','Volante','1995-03-27','Brasil',17,5,0,0,0,0),(148,'Danilo Barbosa','Volante','1996-02-28','Brasil',5,5,0,0,0,0),(149,'JP Galvão','Volante','2001-05-07','Brasil',31,5,0,0,0,0),(150,'Patrick de Paula','Meia Central','1999-09-08','Brasil',8,5,0,0,0,0),(151,'Gabriel Pires','Meia Central','1993-09-18','Brasil',14,5,0,0,0,0),(152,'Tchê Tchê','Meia Central','1992-08-30','Brasil',6,5,0,0,0,0),(153,'Raí','Meia Central','2002-04-21','Brasil',75,5,0,0,0,0),(154,'Lucas Fernandes','Meia Ofensivo','1997-09-20','Brasil',18,5,0,0,0,0),(155,'Eduardo','Meia Ofensivo','1989-10-17','Brasil',33,5,0,0,0,0),(156,'Jacob Montes','Meia Ofensivo','1998-10-20','Nicarágua',32,5,0,0,0,0),(157,'Luis Henrique','Ponta Esquerda','2001-12-14','Brasil',11,5,0,0,0,0),(158,'Diego Hernández','Ponta Esquerda','2000-06-22','Uruguai',77,5,0,0,0,0),(159,'Victor Sá','Ponta Esquerda','1994-03-27','Brasil',7,5,0,0,0,0),(160,'Matías Segovia','Ponta Direita','2003-01-04','Paraguai',10,5,0,0,0,0),(161,'Carlos Alberto','Ponta Direita','2002-04-14','Brasil',27,5,0,0,0,0),(162,'Júnior Santos','Ponta Direita','1994-10-11','Brasil',37,5,0,0,0,0),(163,'Matheus Nascimento','Centroavante','2004-03-03','Brasil',90,5,0,0,0,0),(164,'Tiquinho Soares','Centroavante','1991-01-17','Brasil',9,5,0,0,0,0),(165,'Diego Costa','Centroavante','1988-10-07','Espanha',19,5,0,0,0,0),(166,'Valentín Adamo','Centroavante','2002-05-04','Uruguai',71,5,0,0,0,0),(167,'Janderson','Centroavante','1999-05-06','Brasil',39,5,0,0,0,0),(168,'Matheus Donelli','Goleiro','2002-05-17','Brasil',32,6,0,0,0,0),(169,'Carlos Miguel','Goleiro','1998-10-09','Brasil',22,6,0,0,0,0),(170,'Cássio','Goleiro','1987-06-06','Brasil',12,6,0,0,0,0),(171,'Lucas Veríssimo','Zagueiro','1995-07-02','Brasil',3,6,0,0,0,0),(172,'Bruno Méndez','Zagueiro','1999-09-10','Uruguai',25,6,0,0,0,0),(173,'Caetano','Zagueiro','1999-06-24','Brasil',14,6,0,0,0,0),(174,'Gil','Zagueiro','1987-06-12','Brasil',4,6,0,0,0,0),(175,'Renato Santos','Zagueiro','2004-10-11','Brasil',46,6,0,0,0,0),(176,'Matheus Bidu','Lateral Esq.','1999-05-04','Brasil',21,6,0,0,0,0),(177,'Fábio Santos','Lateral Esq.','1985-09-16','Brasil',6,6,0,0,0,0),(178,'Fagner','Lateral Dir.','1989-06-11','Brasil',23,6,0,0,0,0),(179,'Rafael Ramos','Lateral Dir.','1995-01-09','Portugal',2,6,0,0,0,0),(180,'Fausto Vera','Volante','2000-03-26','Argentina',5,6,0,0,0,0),(181,'Roni','Volante','1999-04-15','Brasil',29,6,0,0,0,0),(182,'Gabriel Moscardo','Volante','2005-09-28','Brasil',44,6,0,0,0,0),(183,'Víctor Cantillo','Volante','1993-10-15','Colômbia',24,6,0,0,0,0),(184,'Maycon','Meia Central','1997-07-15','Brasil',7,6,0,0,0,0),(185,'Renato Augusto','Meia Central','1988-02-08','Brasil',8,6,0,0,0,0),(186,'Giuliano','Meia Central','1990-05-31','Brasil',20,6,0,0,0,0),(187,'Paulinho','Meia Central','1988-07-25','Brasil',15,6,0,0,0,0),(188,'Matías Rojas','Meia Ofensivo','1995-11-03','Paraguai',10,6,0,0,0,0),(189,'Matheus Araújo','Meia Ofensivo','2002-05-22','Brasil',30,6,0,0,0,0),(190,'Ruan Oliveira','Meia Ofensivo','2000-03-23','Brasil',33,6,0,0,0,0),(191,'Pedro','Ponta Esquerda','2006-02-05','Brasil',27,6,0,0,0,0),(192,'Wesley','Ponta Esquerda','2005-03-05','Brasil',36,6,0,0,0,0),(193,'Ángel Romero','Ponta Esquerda','1992-07-04','Paraguai',11,6,0,0,0,0),(194,'Biro','Ponta Direita','2004-04-20','Brasil',26,6,0,0,0,0),(195,'Gustavo Mosquito','Ponta Direita','1997-09-07','Brasil',19,6,0,0,0,0),(196,'Yuri Alberto','Centroavante','2001-03-18','Brasil',9,6,0,0,0,0),(197,'Giovane','Centroavante','2003-11-24','Brasil',17,6,0,0,0,0),(198,'Felipe Augusto','Centroavante','2004-02-18','Brasil',41,6,0,0,0,0),(199,'Gabriel','Goleiro','1992-09-27','Brasil',1,7,0,0,0,0),(200,'Luan Polli','Goleiro','1993-04-06','Brasil',27,7,0,0,0,0),(201,'Marcão','Goleiro','2000-04-19','Brasil',12,7,0,0,0,0),(202,'Pedro Morisco','Goleiro','2004-01-10','Brasil',72,7,0,0,0,0),(203,'Benjamín Kuscevic','Zagueiro','1996-05-02','Chile',13,7,0,0,0,0),(204,'Reynaldo','Zagueiro','1997-01-03','Brasil',4,7,0,0,0,0),(205,'Jean Pedroso','Zagueiro','2004-01-28','Brasil',47,7,0,0,0,0),(206,'Maurício Antônio','Zagueiro','1992-02-06','Brasil',5,7,0,0,0,0),(207,'Thalisson','Zagueiro','2002-01-20','Brasil',14,7,0,0,0,0),(208,'Henrique','Zagueiro','1986-10-14','Brasil',3,7,0,0,0,0),(209,'Thiago Dombroski','Zagueiro','2002-06-20','Brasil',55,7,0,0,0,0),(210,'Jamerson','Lateral Esq.','1998-09-09','Brasil',83,7,0,0,0,0),(211,'Victor Luis','Lateral Esq.','1993-06-23','Brasil',26,7,0,0,0,0),(212,'Natanael','Lateral Dir.','2002-01-05','Brasil',16,7,0,0,0,0),(213,'Hayner','Lateral Dir.','1995-10-02','Brasil',2,7,0,0,0,0),(214,'Diogo Batista','Lateral Dir.','2003-08-29','Brasil',29,7,0,0,0,0),(215,'Andrey','Volante','1998-02-15','Brasil',7,7,0,0,0,0),(216,'Willian Farias','Volante','1989-06-06','Brasil',8,7,0,0,0,0),(217,'Andreas Samaris','Volante','1989-06-13','Grécia',22,7,0,0,0,0),(218,'Bruno Gomes','Meia Central','2001-04-04','Brasil',6,7,0,0,0,0),(219,'Fransérgio','Meia Central','1990-10-18','Brasil',15,7,0,0,0,0),(220,'Matheus Bianqui','Meia Central','1998-01-31','Brasil',17,7,0,0,0,0),(221,'Marcelino Moreno','Meia Ofensivo','1995-06-25','Argentina',10,7,0,0,0,0),(222,'Sebastián Gómez','Meia Ofensivo','1996-06-03','Colômbia',19,7,0,0,0,0),(223,'Boschilia','Meia Ofensivo','1996-03-05','Brasil',35,7,0,0,0,0),(224,'Gabriel Silva','Meia Ofensivo','2002-07-03','Brasil',20,7,0,0,0,0),(225,'Jesé Rodriguez','Ponta Esquerda','1993-02-26','Espanha',11,7,0,0,0,0),(226,'Maurício Garcez','Ponta Esquerda','1997-03-16','Brasil',33,7,0,0,0,0),(227,'Kaio César','Ponta Direita','2004-02-15','Brasil',37,7,0,0,0,0),(228,'Ruan Assis','Ponta Direita','2004-04-20','Brasil',97,7,0,0,0,0),(229,'Lucas Ronier','Ponta Direita','2004-11-26','Brasil',90,7,0,0,0,0),(230,'Islam Slimani','Centroavante','1988-06-18','Argélia',9,7,0,0,0,0),(231,'Rodrigo Pinho','Centroavante','1991-05-30','Brasil',9,7,0,0,0,0),(232,'Diogo','Centroavante','1996-12-04','Brasil',18,7,0,0,0,0),(233,'Edu','Centroavante','1993-03-05','Brasil',99,7,0,0,0,0),(234,'Robson','Centroavante','1991-05-30','Brasil',30,7,0,0,0,0),(235,'Rafael Cabral','Goleiro','1990-05-20','Brasil',1,8,0,0,0,0),(236,'Gabriel Mesquita','Goleiro','1998-09-14','Brasil',91,8,0,0,0,0),(237,'Anderson Paixão','Goleiro','1998-03-05','Brasil',98,8,0,0,0,0),(238,'Lucas Oliveira','Zagueiro','1996-02-02','Brasil',6,8,0,0,0,0),(239,'Neris','Zagueiro','1992-06-17','Brasil',27,8,0,0,0,0),(240,'João Marcelo','Zagueiro','2000-06-13','Brasil',43,8,0,0,0,0),(241,'Luciano Castán','Zagueiro','1989-09-13','Brasil',4,8,0,0,0,0),(242,'Marlon','Lateral Esq.','1997-05-20','Brasil',3,8,0,0,0,0),(243,'Kaiki','Lateral Esq.','2003-03-08','Brasil',14,8,0,0,0,0),(244,'William','Lateral Dir.','1995-04-03','Brasil',12,8,0,0,0,0),(245,'Wesley Gasolina','Lateral Dir.','2000-03-13','Brasil',2,8,0,0,0,0),(246,'Helibelton Palacios','Lateral Dir.','1993-06-11','Colômbia',24,8,0,0,0,0),(247,'Matheus Jussa','Volante','1996-03-22','Brasil',18,8,0,0,0,0),(248,'Filipe Machado','Volante','1996-01-20','Brasil',23,8,0,0,0,0),(249,'Lucas Silva','Volante','1993-02-16','Brasil',16,8,0,0,0,0),(250,'Ramiro','Meia Central','1993-05-22','Brasil',17,8,0,0,0,0),(251,'Fernando Henrique','Meia Central','2001-06-01','Brasil',15,8,0,0,0,0),(252,'Ian Luccas','Meia Central','2003-02-11','Brasil',25,8,0,0,0,0),(253,'Matheus Pereira','Meia Ofensivo','1996-05-05','Brasil',96,8,0,0,0,0),(254,'Mateus Vital','Meia Ofensivo','1998-02-12','Brasil',7,8,0,0,0,0),(255,'Nikão','Meia Ofensivo','1992-07-29','Brasil',10,8,0,0,0,0),(256,'Wesley','Ponta Esquerda','1999-03-30','Brasil',11,8,0,0,0,0),(257,'Arthur Gomes','Ponta Esquerda','1998-07-03','Brasil',19,8,0,0,0,0),(258,'Bruno Rodrigues','Ponta Esquerda','1997-03-07','Brasil',9,8,0,0,0,0),(259,'Stênio','Ponta Direita','2003-04-05','Brasil',22,8,0,0,0,0),(260,'Paulo Vitor','Ponta Direita','1999-06-24','Brasil',30,8,0,0,0,0),(261,'Rafael Bilu','Ponta Direita','1999-04-21','Brasil',31,8,0,0,0,0),(262,'Robert','Ponta Direita','2005-04-13','Brasil',80,8,0,0,0,0),(263,'Rafael Elias','Centroavante','1999-04-12','Brasil',40,8,0,0,0,0),(264,'Gilberto','Centroavante','1989-06-05','Brasil',21,8,0,0,0,0),(265,'Walter','Goleiro','1987-11-18','Brasil',1,9,0,0,0,0),(266,'João Carlos','Goleiro','1988-04-06','Brasil',21,9,0,0,0,0),(267,'Vinicius Barreta','Goleiro','1999-04-16','Brasil',26,9,0,0,0,0),(268,'Alan Empereur','Zagueiro','1994-03-10','Brasil',33,9,0,0,0,0),(269,'Marllon','Zagueiro','1992-04-16','Brasil',4,9,0,0,0,0),(270,'Allyson','Zagueiro','1990-10-23','Brasil',34,9,0,0,0,0),(271,'Vitão','Zagueiro','2000-09-17','Brasil',3,9,0,0,0,0),(272,'Rikelme','Lateral Esq.','2003-07-16','Brasil',20,9,0,0,0,0),(273,'Uendel','Lateral Esq.','1988-10-08','Brasil',6,9,0,0,0,0),(274,'Juan Tavares','Lateral Esq.','2002-04-25','Brasil',63,9,0,0,0,0),(275,'Patric Calmon','Lateral Esq.','1994-07-05','Brasil',94,9,0,0,0,0),(276,'Matheus Alexandre','Lateral Dir.','1999-04-07','Brasil',2,9,0,0,0,0),(277,'Matheusinho','Lateral Dir.','1998-10-07','Brasil',98,9,0,0,0,0),(278,'Lucas Mineiro','Volante','1996-02-24','Brasil',31,9,0,0,0,0),(279,'Raniele','Volante','1996-12-31','Brasil',14,9,0,0,0,0),(280,'Ronald','Volante','1997-06-18','Brasil',8,9,0,0,0,0),(281,'Filipe Augusto','Volante','1993-08-12','Brasil',5,9,0,0,0,0),(282,'Fernando Sobral','Meia Central','1994-12-17','Brasil',88,9,0,0,0,0),(283,'Denilson','Meia Central','2001-03-23','Brasil',27,9,0,0,0,0),(284,'Ricardo Cerqueira','Meia Central','2002-12-29','Brasil',54,9,0,0,0,0),(285,'Nicolás Quagliata','Ponta Esquerda','1999-06-05','Uruguai',25,9,0,0,0,0),(286,'Clayson','Ponta Esquerda','1995-03-19','Brasil',29,9,0,0,0,0),(287,'Gabryel Freitas','Ponta Esquerda','2002-10-28','Brasil',84,9,0,0,0,0),(288,'Jonathan Cafu','Ponta Direita','1991-07-10','Brasil',7,9,0,0,0,0),(289,'Wellington Silva','Ponta Direita','1993-01-06','Brasil',11,9,0,0,0,0),(290,'Emerson Ramon','Ponta Direita','2000-11-24','Brasil',17,9,0,0,0,0),(291,'Isidro Pitta','Centroavante','1999-08-14','Paraguai',9,9,0,0,0,0),(292,'Deyverson','Centroavante','1991-05-08','Brasil',16,9,0,0,0,0),(293,'Derik Lacerda','Centroavante','1999-09-27','Brasil',22,9,0,0,0,0),(294,'Agustín Rossi','Goleiro','1995-08-21','Argentina',17,10,0,0,0,0),(295,'Matheus Cunha','Goleiro','2001-05-24','Brasil',25,10,0,0,0,0),(296,'Santos','Goleiro','1990-03-17','Brasil',1,10,0,0,0,0),(297,'Léo Pereira','Zagueiro','1996-01-31','Brasil',4,10,0,0,0,0),(298,'Fabrício Bruno','Zagueiro','1996-02-12','Brasil',15,10,0,0,0,0),(299,'Pablo','Zagueiro','1991-06-21','Brasil',30,10,0,0,0,0),(300,'Gabriel Noga','Zagueiro','2002-01-25','Brasil',41,10,0,0,0,0),(301,'Rodrigo Caio','Zagueiro','1993-08-17','Brasil',3,10,0,0,0,0),(302,'David Luiz','Zagueiro','1987-04-22','Brasil',23,10,0,0,0,0),(303,'Cleiton','Zagueiro','2003-04-25','Brasil',33,10,0,0,0,0),(304,'Ayrton Lucas','Lateral Esq.','1997-06-19','Brasil',6,10,0,0,0,0),(305,'Filipe Luís','Lateral Esq.','1985-08-09','Brasil',16,10,0,0,0,0),(306,'Matheuzinho','Lateral Dir.','2000-09-08','Brasil',34,10,0,0,0,0),(307,'Wesley','Lateral Dir.','2003-09-06','Brasil',43,10,0,0,0,0),(308,'Guillermo Varela','Lateral Dir.','1993-03-24','Uruguai',2,10,0,0,0,0),(309,'Allan','Volante','1997-03-03','Brasil',21,10,0,0,0,0),(310,'Erick Pulgar','Volante','1994-01-15','Chile',5,10,0,0,0,0),(311,'Thiago Maia','Volante','1997-03-23','Brasil',8,10,0,0,0,0),(312,'Igor Jesus','Volante','2003-03-07','Brasil',48,10,0,0,0,0),(313,'Gerson','Meia Central','1997-05-20','Brasil',20,10,0,0,0,0),(314,'Victor Hugo','Meia Central','2004-05-11','Brasil',29,10,0,0,0,0),(315,'Giorgian de Arrascaeta','Meia Ofensivo','1994-06-01','Uruguai',14,10,0,0,0,0),(316,'Everton Ribeiro','Meia Ofensivo','1989-04-10','Brasil',7,10,0,0,0,0),(317,'Everton','Ponta Esquerda','1996-03-22','Brasil',11,10,0,0,0,0),(318,'Bruno Henrique','Ponta Esquerda','1990-12-30','Brasil',27,10,0,0,0,0),(319,'Luiz Araújo','Ponta Direita','1996-06-02','Brasil',22,10,0,0,0,0),(320,'Pedro','Centroavante','1997-06-20','Brasil',9,10,0,0,0,0),(321,'Gabriel Barbosa','Centroavante','1996-08-30','Brasil',10,10,0,0,0,0),(322,'Pedro Rangel','Goleiro','2000-06-29','Brasil',22,11,0,0,0,0),(323,'Fábio','Goleiro','1980-09-30','Brasil',1,11,0,0,0,0),(324,'Vitor Eudes','Goleiro','1998-10-21','Brasil',98,11,0,0,0,0),(325,'Nino','Zagueiro','1997-04-10','Brasil',33,11,0,0,0,0),(326,'Marlon','Zagueiro','1995-09-07','Brasil',4,11,0,0,0,0),(327,'Manoel','Zagueiro','1990-02-26','Brasil',26,11,0,0,0,0),(328,'Felipe Melo','Zagueiro','1983-06-26','Brasil',30,11,0,0,0,0),(329,'David Braz','Zagueiro','1987-05-21','Brasil',44,11,0,0,0,0),(330,'Felipe Andrade','Zagueiro','2002-05-29','Brasil',13,11,0,0,0,0),(331,'Marcelo','Lateral Esq.','1988-05-12','Brasil',12,11,0,0,0,0),(332,'Jorge','Lateral Esq.','1996-03-28','Brasil',6,11,0,0,0,0),(333,'Diogo Barbosa','Lateral Esq.','1992-08-17','Brasil',16,11,0,0,0,0),(334,'Guga','Lateral Dir.','1998-08-29','Brasil',23,11,0,0,0,0),(335,'Samuel Xavier','Lateral Dir.','1990-06-06','Brasil',2,11,0,0,0,0),(336,'André','Volante','2001-07-16','Brasil',7,11,0,0,0,0),(337,'Alexsander','Volante','2003-10-08','Brasil',5,11,0,0,0,0),(338,'Thiago Santos','Volante','1989-09-05','Brasil',29,11,0,0,0,0),(339,'Martinelli','Meia Central','2001-10-05','Brasil',8,11,0,0,0,0),(340,'Daniel','Meia Central','1996-01-11','Brasil',55,11,0,0,0,0),(341,'Leonardo Fernández','Meia Ofensivo','1998-11-08','Uruguai',17,11,0,0,0,0),(342,'Lima','Meia Ofensivo','1996-06-11','Brasil',45,11,0,0,0,0),(343,'Ganso','Meia Ofensivo','1989-10-12','Brasil',10,11,0,0,0,0),(344,'Arthur','Meia Ofensivo','2005-02-24','Brasil',28,11,0,0,0,0),(345,'Keno','Ponta Esquerda','1989-09-10','Brasil',11,11,0,0,0,0),(346,'Giovanni','Ponta Esquerda','2002-01-31','Brasil',37,11,0,0,0,0),(347,'Isaac','Ponta Esquerda','2004-04-24','Brasil',32,11,0,0,0,0),(348,'Jhon Arias','Ponta Direita','1997-09-21','Colômbia',21,11,0,0,0,0),(349,'Yony González','Ponta Direita','1994-07-11','Colômbia',15,11,0,0,0,0),(350,'John Kennedy','Centroavante','2002-05-18','Brasil',9,11,0,0,0,0),(351,'Germán Cano','Centroavante','1988-02-02','Argentina',14,11,0,0,0,0),(352,'Lelê','Centroavante','1997-10-01','Brasil',18,11,0,0,0,0),(353,'Kauã Elias','Centroavante','2006-03-28','Brasil',39,11,0,0,0,0),(354,'João Ricardo','Goleiro','1988-09-06','Brasil',1,12,0,0,0,0),(355,'Mauricio Kozlinski','Goleiro','1991-06-18','Brasil',30,12,0,0,0,0),(356,'Fernando Miguel','Goleiro','1985-02-02','Brasil',16,12,0,0,0,0),(357,'Marcelo Benevenuto','Zagueiro','1996-01-07','Brasil',5,12,0,0,0,0),(358,'Tobias Figueiredo','Zagueiro','1994-02-02','Portugal',3,12,0,0,0,0),(359,'Tinga','Zagueiro','1993-09-01','Brasil',2,12,0,0,0,0),(360,'Bernardo Schappo','Zagueiro','1999-03-22','Brasil',14,12,0,0,0,0),(361,'Titi','Zagueiro','1988-03-12','Brasil',4,12,0,0,0,0),(362,'Bruno Pacheco','Lateral Esq.','1991-12-08','Brasil',6,12,0,0,0,0),(363,'Gonzalo Escobar','Lateral Esq.','1997-03-16','Argentina',33,12,0,0,0,0),(364,'Dudu','Lateral Dir.','1997-05-30','Brasil',20,12,0,0,0,0),(365,'Emanuel Brítez','Lateral Dir.','1992-03-26','Argentina',19,12,0,0,0,0),(366,'Zé Welison','Volante','1995-03-11','Brasil',17,12,0,0,0,0),(367,'Lucas Sasha','Volante','1990-03-01','Brasil',88,12,0,0,0,0),(368,'Pedro Augusto','Volante','1997-03-03','Brasil',21,12,0,0,0,0),(369,'Zanocelo','Meia Central','2001-01-30','Brasil',15,12,0,0,0,0),(370,'Hércules','Meia Central','2000-10-20','Brasil',35,12,0,0,0,0),(371,'Caio Alexandre','Meia Central','1999-02-24','Brasil',8,12,0,0,0,0),(372,'Calebe','Meia Ofensivo','2000-04-30','Brasil',27,12,0,0,0,0),(373,'Lucas Crispim','Meia Ofensivo','1994-06-19','Brasil',10,12,0,0,0,0),(374,'Tomás Pochettino','Meia Ofensivo','1996-02-01','Argentina',7,12,0,0,0,0),(375,'Pedro Rocha','Ponta Esquerda','1994-10-01','Brasil',32,12,0,0,0,0),(376,'Romarinho','Ponta Esquerda','1994-03-01','Brasil',11,12,0,0,0,0),(377,'Guilherme','Ponta Esquerda','1995-04-13','Brasil',29,12,0,0,0,0),(378,'Imanol Machuca','Ponta Direita','2000-01-15','Argentina',39,12,0,0,0,0),(379,'Yago Pikachu','Ponta Direita','1992-06-05','Brasil',22,12,0,0,0,0),(380,'Marinho','Ponta Direita','1990-05-29','Brasil',12,12,0,0,0,0),(381,'Juan Martín Lucero','Centroavante','1991-10-10','Argentina',9,12,0,0,0,0),(382,'Thiago Galhardo','Centroavante','1989-07-20','Brasil',91,12,0,0,0,0),(383,'Silvio Romero','Centroavante','1988-07-22','Argentina',18,12,0,0,0,0),(384,'Tadeu','Goleiro','1992-02-04','Brasil',23,13,0,0,0,0),(385,'Marcelo Rangel','Goleiro','1988-05-17','Brasil',88,13,0,0,0,0),(386,'Matheus Alves','Goleiro','1994-12-15','Brasil',94,13,0,0,0,0),(387,'Lucas Halter','Zagueiro','2000-05-02','Brasil',3,13,0,0,0,0),(388,'Bruno Melo','Zagueiro','1992-10-26','Brasil',19,13,0,0,0,0),(389,'Edu','Zagueiro','2000-06-16','Brasil',43,13,0,0,0,0),(390,'Sidimar','Zagueiro','1992-07-09','Brasil',4,13,0,0,0,0),(391,'Hugo','Lateral Esq.','1997-08-29','Brasil',66,13,0,0,0,0),(392,'Sander','Lateral Esq.','1990-10-03','Brasil',6,13,0,0,0,0),(393,'Bruno Santos','Lateral Dir.','1993-02-07','Brasil',13,13,0,0,0,0),(394,'Maguinho','Lateral Dir.','1992-01-06','Brasil',2,13,0,0,0,0),(395,'Apodi','Lateral Dir.','1986-12-13','Brasil',22,13,0,0,0,0),(396,'Higor Meritão','Volante','1994-06-23','Brasil',8,13,0,0,0,0),(397,'Luís Oyama','Volante','1997-01-30','Brasil',55,13,0,0,0,0),(398,'Willian Oliveira','Volante','1993-05-16','Brasil',12,13,0,0,0,0),(399,'Diego','Meia Central','1995-10-31','Brasil',20,13,0,0,0,0),(400,'Raphael Guzzo','Meia Central','1995-01-06','Portugal',5,13,0,0,0,0),(401,'Everton Morelli','Meia Central','1997-11-04','Brasil',40,13,0,0,0,0),(402,'Guilherme','Meia Ofensivo','1991-05-21','Brasil',60,13,0,0,0,0),(403,'Julián Palacios','Meia Ofensivo','1999-02-04','Argentina',10,13,0,0,0,0),(404,'Dodô','Meia Ofensivo','2001-06-15','Brasil',95,13,0,0,0,0),(405,'Vinícius','Ponta Esquerda','1993-08-03','Brasil',7,13,0,0,0,0),(406,'Diego Gonçalves','Ponta Esquerda','1994-07-22','Brasil',11,13,0,0,0,0),(407,'Anderson Oliveira','Ponta Esquerda','1998-07-16','Brasil',70,13,0,0,0,0),(408,'Alesson','Ponta Direita','1999-02-16','Brasil',27,13,0,0,0,0),(409,'Pedro Junqueira','Ponta Direita','2004-03-23','Brasil',31,13,0,0,0,0),(410,'Allano','Ponta Direita','1995-04-24','Brasil',77,13,0,0,0,0),(411,'Matheus Babi','Centroavante','1997-07-18','Brasil',9,13,0,0,0,0),(412,'Gabriel Novaes','Centroavante','1999-04-05','Brasil',99,13,0,0,0,0),(413,'Philippe Costa','Centroavante','2000-03-01','Brasil',90,13,0,0,0,0),(414,'João Magno','Centroavante','1997-02-15','Brasil',45,13,0,0,0,0),(415,'Breno Herculano','Centroavante','1999-02-16','Brasil',25,13,0,0,0,0),(416,'Gabriel Grando','Goleiro','2000-03-29','Brasil',12,14,0,0,0,0),(417,'Felipe Scheibig','Goleiro','2000-03-08','Brasil',41,14,0,0,0,0),(418,'Caíque','Goleiro','1997-07-31','Brasil',31,14,0,0,0,0),(419,'Rodrigo Ely','Zagueiro','1993-11-03','Brasil',5,14,0,0,0,0),(420,'Walter Kannemann','Zagueiro','1991-03-14','Argentina',4,14,0,0,0,0),(421,'Bruno Alves','Zagueiro','1991-04-16','Brasil',34,14,0,0,0,0),(422,'Bruno Uvini','Zagueiro','1991-06-03','Brasil',15,14,0,0,0,0),(423,'Gustavo Martins','Zagueiro','2002-08-11','Brasil',53,14,0,0,0,0),(424,'Natã','Zagueiro','2001-06-05','Brasil',36,14,0,0,0,0),(425,'Pedro Geromel','Zagueiro','1985-09-21','Brasil',3,14,0,0,0,0),(426,'Cuiabano','Lateral Esq.','2003-02-16','Brasil',54,14,0,0,0,0),(427,'Reinaldo','Lateral Esq.','1989-09-28','Brasil',6,14,0,0,0,0),(428,'Fábio','Lateral Dir.','1990-07-09','Brasil',2,14,0,0,0,0),(429,'João Pedro','Lateral Dir.','1996-11-15','Brasil',18,14,0,0,0,0),(430,'Mathías Villasanti','Volante','1997-01-24','Paraguai',20,14,0,0,0,0),(431,'Ronald','Volante','2003-02-11','Brasil',35,14,0,0,0,0),(432,'Lucas Milla','Volante','2003-01-28','Brasil',45,14,0,0,0,0),(433,'Felipe Carballo','Meia Central','1996-10-04','Uruguai',8,14,0,0,0,0),(434,'Pepê','Meia Central','1998-01-06','Brasil',23,14,0,0,0,0),(435,'Gustavinho','Meia Central','2001-10-29','Brasil',17,14,0,0,0,0),(436,'Franco Cristaldo','Meia Ofensivo','1996-08-15','Argentina',19,14,0,0,0,0),(437,'Nathan','Meia Ofensivo','1996-03-13','Brasil',14,14,0,0,0,0),(438,'Luan','Meia Ofensivo','1993-03-27','Brasil',7,14,0,0,0,0),(439,'Ferreirinha','Ponta Esquerda','1997-12-31','Brasil',10,14,0,0,0,0),(440,'Lucas Besozzi','Ponta Esquerda','2003-01-22','Argentina',22,14,0,0,0,0),(441,'Juan Iturbe','Ponta Esquerda','1993-06-04','Paraguai',21,14,0,0,0,0),(442,'Jhonata Robert','Ponta Direita','1999-10-26','Brasil',25,14,0,0,0,0),(443,'Everton Galdino','Ponta Direita','1997-03-17','Brasil',13,14,0,0,0,0),(444,'João Pedro','Centroavante','1992-03-09','Itália',11,14,0,0,0,0),(445,'Luis Suárez','Centroavante','1987-01-24','Uruguai',9,14,0,0,0,0),(446,'André','Centroavante','2001-12-17','Brasil',77,14,0,0,0,0),(447,'Sergio Rochet','Goleiro','1993-03-23','Uruguai',33,15,0,0,0,0),(448,'Keiller','Goleiro','1996-10-29','Brasil',1,15,0,0,0,0),(449,'Anthoni','Goleiro','2002-01-23','Brasil',24,15,0,0,0,0),(450,'Emerson Junior','Goleiro','2000-02-07','Brasil',12,15,0,0,0,0),(451,'Vitão','Zagueiro','2000-02-02','Brasil',44,15,0,0,0,0),(452,'Nicolás Hernández','Zagueiro','1998-01-18','Colômbia',22,15,0,0,0,0),(453,'Rodrigo Moledo','Zagueiro','1987-10-27','Brasil',4,15,0,0,0,0),(454,'Gabriel Mercado','Zagueiro','1987-03-18','Argentina',25,15,0,0,0,0),(455,'Dalbert','Lateral Esq.','1993-09-08','Brasil',29,15,0,0,0,0),(456,'Thauan Lara','Lateral Esq.','2004-01-22','Brasil',36,15,0,0,0,0),(457,'Renê','Lateral Esq.','1992-09-14','Brasil',6,15,0,0,0,0),(458,'Fabricio Bustos','Lateral Dir.','1996-04-28','Argentina',16,15,0,0,0,0),(459,'Hugo Mallo','Lateral Dir.','1991-06-22','Espanha',2,15,0,0,0,0),(460,'Igor Gomes','Lateral Dir.','2001-03-06','Brasil',21,15,0,0,0,0),(461,'Gabriel','Volante','1992-07-10','Brasil',23,15,0,0,0,0),(462,'Campanharo','Volante','1992-04-04','Brasil',17,15,0,0,0,0),(463,'Lucas Ramos','Volante','2001-01-03','Brasil',15,15,0,0,0,0),(464,'Matheus Dias','Volante','2002-05-09','Brasil',41,15,0,0,0,0),(465,'Rômulo','Volante','2000-03-01','Brasil',40,15,0,0,0,0),(466,'Johnny Cardoso','Meia Central','2001-09-20','Estados Unidos',30,15,0,0,0,0),(467,'Carlos de Pena','Meia Central','1992-03-11','Uruguai',14,15,0,0,0,0),(468,'Charles Aránguiz','Meia Central','1989-04-17','Chile',20,15,0,0,0,0),(469,'Bruno Henrique','Meia Central','1989-10-21','Brasil',8,15,0,0,0,0),(470,'Mauricio','Meia Ofensivo','2001-06-22','Brasil',27,15,0,0,0,0),(471,'Alan Patrick','Meia Ofensivo','1991-05-13','Brasil',10,15,0,0,0,0),(472,'Estêvão','Meia Ofensivo','2002-02-03','Brasil',26,15,0,0,0,0),(473,'Wanderson','Ponta Esquerda','1994-10-07','Brasil',11,15,0,0,0,0),(474,'Pedro Henrique','Ponta Esquerda','1990-06-16','Brasil',28,15,0,0,0,0),(475,'Jean Dias','Ponta Direita','1990-10-22','Brasil',38,15,0,0,0,0),(476,'Gabriel Barros','Ponta Direita','2001-10-25','Brasil',42,15,0,0,0,0),(477,'Enner Valencia','Centroavante','1989-11-04','Equador',13,15,0,0,0,0),(478,'Lucca','Centroavante','2003-04-02','Brasil',45,15,0,0,0,0),(479,'Luiz Adriano','Centroavante','1987-04-12','Brasil',9,15,0,0,0,0),(480,'Weverton','Goleiro','1987-12-13','Brasil',21,16,0,0,0,0),(481,'Kaique','Goleiro','2003-04-16','Brasil',51,16,0,0,0,0),(482,'Marcelo Lomba','Goleiro','1986-12-18','Brasil',42,16,0,0,0,0),(483,'Mateus','Goleiro','2002-05-02','Brasil',24,16,0,0,0,0),(484,'Gustavo Gómez','Zagueiro','1993-05-06','Paraguai',15,16,0,0,0,0),(485,'Murillo','Zagueiro','1997-03-27','Brasil',26,16,0,0,0,0),(486,'Luan','Zagueiro','1993-05-10','Brasil',13,16,0,0,0,0),(487,'Naves','Zagueiro','2002-05-08','Brasil',34,16,0,0,0,0),(488,'Michel','Zagueiro','2003-05-20','Brasil',33,16,0,0,0,0),(489,'Joaquín Piquerez','Lateral Esq.','1998-08-24','Uruguai',22,16,0,0,0,0),(490,'Vanderlan','Lateral Esq.','2002-09-07','Brasil',6,16,0,0,0,0),(491,'Mayke','Lateral Dir.','1992-11-10','Brasil',12,16,0,0,0,0),(492,'Garcia','Lateral Dir.','2002-01-04','Brasil',32,16,0,0,0,0),(493,'Marcos Rocha','Lateral Dir.','1988-12-11','Brasil',2,16,0,0,0,0),(494,'Fabinho','Volante','2002-04-09','Brasil',35,16,0,0,0,0),(495,'Jailson','Volante','1995-09-07','Brasil',30,16,0,0,0,0),(496,'Gabriel Menino','Meia Central','2000-09-29','Brasil',25,16,0,0,0,0),(497,'Zé Rafael','Meia Central','1993-06-16','Brasil',8,16,0,0,0,0),(498,'Richard Ríos','Meia Central','2000-06-02','Colômbia',27,16,0,0,0,0),(499,'Eduard Atuesta','Meia Central','1997-06-18','Colômbia',20,16,0,0,0,0),(500,'Raphael Veiga','Meia Ofensivo','1995-06-19','Brasil',23,16,0,0,0,0),(501,'Luis Guilherme','Meia Ofensivo','2006-02-09','Brasil',31,16,0,0,0,0),(502,'Jhon Jhon','Meia Ofensivo','2002-09-09','Brasil',40,16,0,0,0,0),(503,'Dudu','Ponta Esquerda','1992-01-07','Brasil',7,16,0,0,0,0),(504,'Kevin','Ponta Esquerda','2003-01-04','Brasil',37,16,0,0,0,0),(505,'Artur','Ponta Direita','1998-02-15','Brasil',14,16,0,0,0,0),(506,'Breno Lopes','Ponta Direita','1996-01-24','Brasil',19,16,0,0,0,0),(507,'Endrick','Centroavante','2006-07-21','Brasil',9,16,0,0,0,0),(508,'Rony','Centroavante','1995-05-11','Brasil',10,16,0,0,0,0),(509,'José Manuel López','Centroavante','2000-12-06','Argentina',18,16,0,0,0,0),(510,'Cleiton','Goleiro','1997-08-19','Brasil',1,17,0,0,0,0),(511,'Lucão','Goleiro','2001-02-26','Brasil',40,17,0,0,0,0),(512,'Maycon','Goleiro','1998-11-08','Brasil',12,17,0,0,0,0),(513,'Léo Ortiz','Zagueiro','1996-01-03','Brasil',3,17,0,0,0,0),(514,'Lucas Cunha','Zagueiro','1997-01-23','Brasil',20,17,0,0,0,0),(515,'Luan Patrick','Zagueiro','2002-01-20','Brasil',30,17,0,0,0,0),(516,'Leonardo Realpe','Zagueiro','2001-02-26','Equador',2,17,0,0,0,0),(517,'Eduardo Santos','Zagueiro','1997-11-28','Brasil',26,17,0,0,0,0),(518,'Lucas Rafael','Zagueiro','1998-03-25','Brasil',45,17,0,0,0,0),(519,'Cipriano','Zagueiro','2002-11-09','Brasil',38,17,0,0,0,0),(520,'Luan Cândido','Lateral Esq.','2001-02-02','Brasil',36,17,0,0,0,0),(521,'Juninho Capixaba','Lateral Esq.','1997-07-06','Brasil',29,17,0,0,0,0),(522,'Guilherme','Lateral Esq.','2002-02-14','Brasil',31,17,0,0,0,0),(523,'Andrés Hurtado','Lateral Dir.','2001-12-23','Equador',34,17,0,0,0,0),(524,'Aderlan','Lateral Dir.','1990-08-18','Brasil',13,17,0,0,0,0),(525,'Jadsom Silva','Volante','2001-05-20','Brasil',5,17,0,0,0,0),(526,'Raul','Volante','1996-07-11','Brasil',23,17,0,0,0,0),(527,'Matheus Fernandes','Volante','1998-06-30','Brasil',35,17,0,0,0,0),(528,'Eric Ramires','Meia Central','2000-08-10','Brasil',7,17,0,0,0,0),(529,'Lucas Evangelista','Meia Central','1995-05-06','Brasil',8,17,0,0,0,0),(530,'Bruninho','Meia Ofensivo','2003-03-14','Brasil',17,17,0,0,0,0),(531,'Gustavinho','Meia Ofensivo','2004-04-23','Brasil',22,17,0,0,0,0),(532,'Vitinho','Ponta Esquerda','1999-04-01','Brasil',28,17,0,0,0,0),(533,'Henry Mosquera','Ponta Esquerda','2001-11-15','Colômbia',16,17,0,0,0,0),(534,'Sorriso','Ponta Esquerda','2001-02-23','Brasil',27,17,0,0,0,0),(535,'Talisson','Ponta Esquerda','2002-05-21','Brasil',21,17,0,0,0,0),(536,'Helinho','Ponta Direita','2000-04-25','Brasil',11,17,0,0,0,0),(537,'Matheus Gonçalves','Ponta Direita','2005-08-18','Brasil',25,17,0,0,0,0),(538,'Ignacio Laquintana','Ponta Direita','1999-02-01','Uruguai',33,17,0,0,0,0),(539,'Kawê','Ponta Direita','2002-06-22','Brasil',39,17,0,0,0,0),(540,'Alerrandro','Centroavante','2000-01-12','Brasil',9,17,0,0,0,0),(541,'Thiago Borbas','Centroavante','2002-04-07','Uruguai',18,17,0,0,0,0),(542,'Eduardo Sasha','Centroavante','1992-02-24','Brasil',19,17,0,0,0,0),(543,'João Paulo','Goleiro','1995-06-29','Brasil',34,18,0,0,0,0),(544,'Vladimir','Goleiro','1989-07-16','Brasil',1,18,0,0,0,0),(545,'Paulo Mazoti','Goleiro','2000-07-11','Brasil',50,18,0,0,0,0),(546,'Diógenes','Goleiro','2001-01-06','Brasil',52,18,0,0,0,0),(547,'João Basso','Zagueiro','1997-01-13','Brasil',2,18,0,0,0,0),(548,'Messias','Zagueiro','1994-11-03','Brasil',24,18,0,0,0,0),(549,'Joaquim','Zagueiro','1998-12-28','Brasil',28,18,0,0,0,0),(550,'Alex Nascimento','Zagueiro','1999-05-10','Brasil',31,18,0,0,0,0),(551,'Felipe Jonatan','Lateral Esq.','1998-02-15','Brasil',3,18,0,0,0,0),(552,'Dodô','Lateral Esq.','1992-02-06','Brasil',16,18,0,0,0,0),(553,'Kevyson','Lateral Esq.','2004-03-29','Brasil',38,18,0,0,0,0),(554,'João Lucas','Lateral Dir.','1998-03-09','Brasil',13,18,0,0,0,0),(555,'Júnior Caiçara','Lateral Dir.','1989-04-27','Brasil',80,18,0,0,0,0),(556,'Gabriel Inocêncio','Lateral Dir.','1994-08-20','Brasil',12,18,0,0,0,0),(557,'Cadu','Lateral Dir.','2002-02-21','Brasil',40,18,0,0,0,0),(558,'Sandry','Volante','2002-08-30','Brasil',6,18,0,0,0,0),(559,'Rodrigo Fernández','Volante','1996-01-03','Uruguai',14,18,0,0,0,0),(560,'Tomás Rincón','Volante','1988-01-13','Venezuela',25,18,0,0,0,0),(561,'Dodi','Volante','1996-04-17','Brasil',19,18,0,0,0,0),(562,'Alison','Volante','1993-03-01','Brasil',5,18,0,0,0,0),(563,'Camacho','Volante','1990-03-02','Brasil',29,18,0,0,0,0),(564,'Jean Lucas','Meia Central','1998-06-22','Brasil',8,18,0,0,0,0),(565,'Nonato','Meia Central','1998-03-03','Brasil',7,18,0,0,0,0),(566,'Ed Carlos','Meia Central','2001-03-19','Brasil',37,18,0,0,0,0),(567,'Kevin Malthus','Meia Central','2003-01-11','Brasil',45,18,0,0,0,0),(568,'Lucas Lima','Meia Ofensivo','1990-07-09','Brasil',23,18,0,0,0,0),(569,'Luan Dias','Meia Ofensivo','1997-07-31','Brasil',97,18,0,0,0,0),(570,'Miguelito','Meia Ofensivo','2004-04-25','Bolívia',47,18,0,0,0,0),(571,'Yeferson Soteldo','Ponta Esquerda','1997-06-30','Venezuela',10,18,0,0,0,0),(572,'Lucas Braga','Ponta Esquerda','1996-11-10','Brasil',30,18,0,0,0,0),(573,'Lucas Barbosa','Ponta Esquerda','2001-02-22','Brasil',21,18,0,0,0,0),(574,'Weslley Patati','Ponta Esquerda','2003-10-01','Brasil',43,18,0,0,0,0),(575,'Renyer','Ponta Direita','2003-07-12','Brasil',47,18,0,0,0,0),(576,'Stiven Mendoza','Ponta Direita','1992-06-27','Colômbia',20,18,0,0,0,0),(577,'Marcos Leonardo','Centroavante','2003-05-02','Brasil',9,18,0,0,0,0),(578,'Alfredo Morelos','Centroavante','1996-06-21','Colômbia',22,18,0,0,0,0),(579,'Julio Furch','Centroavante','1989-07-29','Argentina',11,18,0,0,0,0),(580,'Maximiliano Silvera','Centroavante','1997-09-05','Uruguai',17,18,0,0,0,0),(581,'Bruno Mezenga','Centroavante','1988-08-08','Brasil',88,18,0,0,0,0),(582,'Jandrei','Goleiro','1993-03-01','Brasil',93,19,0,0,0,0),(583,'Rafael','Goleiro','1989-06-23','Brasil',23,19,0,0,0,0),(584,'Felipe Alves','Goleiro','1988-05-21','Brasil',1,19,0,0,0,0),(585,'Young','Goleiro','2002-03-07','Brasil',50,19,0,0,0,0),(586,'Lucas Beraldo','Zagueiro','2003-11-24','Brasil',35,19,0,0,0,0),(587,'Diego Costa','Zagueiro','1999-07-21','Brasil',4,19,0,0,0,0),(588,'Alan Franco','Zagueiro','1996-10-11','Argentina',28,19,0,0,0,0),(589,'Nahuel Ferraresi','Zagueiro','1998-11-19','Venezuela',3,19,0,0,0,0),(590,'Robert Arboleda','Zagueiro','1991-10-22','Equador',5,19,0,0,0,0),(591,'Walce','Zagueiro','1999-02-02','Brasil',43,19,0,0,0,0),(592,'Matheus Belém','Zagueiro','2003-03-13','Brasil',44,19,0,0,0,0),(593,'Welington','Lateral Esq.','2001-02-19','Brasil',6,19,0,0,0,0),(594,'Caio Paulista','Lateral Esq.','1998-05-11','Brasil',38,19,0,0,0,0),(595,'Patryck','Lateral Esq.','2003-01-18','Brasil',36,19,0,0,0,0),(596,'Igor Vinícius','Lateral Dir.','1997-04-01','Brasil',2,19,0,0,0,0),(597,'João Moreira','Lateral Dir.','2004-05-21','Brasil',30,19,0,0,0,0),(598,'Nathan Mendes','Lateral Dir.','2002-08-19','Brasil',45,19,0,0,0,0),(599,'Raí Ramos','Lateral Dir.','1994-05-06','Brasil',34,19,0,0,0,0),(600,'Rafinha','Lateral Dir.','1985-09-07','Brasil',13,19,0,0,0,0),(601,'Pablo Maia','Volante','2002-01-10','Brasil',29,19,0,0,0,0),(602,'Luan','Volante','1999-05-14','Brasil',8,19,0,0,0,0),(603,'Gabriel Neves','Volante','1997-08-11','Uruguai',20,19,0,0,0,0),(604,'Jhegson Méndez','Volante','1997-04-26','Equador',21,19,0,0,0,0),(605,'Felipe Negrucci','Volante','2004-05-14','Brasil',46,19,0,0,0,0),(606,'Rodrigo Nestor','Meia Central','2000-08-09','Brasil',11,19,0,0,0,0),(607,'Rodriguinho','Meia Central','2004-03-16','Brasil',18,19,0,0,0,0),(608,'Talles Costa','Meia Central','2002-08-02','Brasil',37,19,0,0,0,0),(609,'Alisson','Meia Central','1993-06-25','Brasil',25,19,0,0,0,0),(610,'Pedro Vilhena','Meia Central','2002-02-18','Brasil',47,19,0,0,0,0),(611,'Giuliano Galoppo','Meia Ofensivo','1999-06-18','Argentina',14,19,0,0,0,0),(612,'James Rodríguez','Meia Ofensivo','1991-07-12','Colômbia',19,19,0,0,0,0),(613,'Michel Araújo','Meia Ofensivo','1996-09-28','Uruguai',15,19,0,0,0,0),(614,'Wellington Rato','Meia Ofensivo','1992-06-28','Brasil',27,19,0,0,0,0),(615,'Marcos Paulo','Ponta Esquerda','2001-02-01','Portugal',32,19,0,0,0,0),(616,'David','Ponta Esquerda','1995-10-17','Brasil',22,19,0,0,0,0),(617,'William Gomes','Ponta Esquerda','2006-03-15','Brasil',39,19,0,0,0,0),(618,'Lucas Moura','Ponta Direita','1992-08-13','Brasil',7,19,0,0,0,0),(619,'Caio Matheus','Ponta Direita','2004-02-19','Brasil',33,19,0,0,0,0),(620,'Jonathan Calleri','Centroavante','1993-09-23','Argentina',9,19,0,0,0,0),(621,'Erison','Centroavante','1999-04-13','Brasil',49,19,0,0,0,0),(622,'Luciano','Centroavante','1993-05-18','Brasil',10,19,0,0,0,0),(623,'Juan','Centroavante','2002-03-07','Brasil',31,19,0,0,0,0),(624,'Alexandre Pato','Centroavante','1989-09-02','Brasil',12,19,0,0,0,0),(625,'Talles Wander','Centroavante','2003-10-24','Brasil',26,19,0,0,0,0),(626,'Léo Jardim','Goleiro','1995-03-20','Brasil',1,20,0,0,0,0),(627,'Ivan','Goleiro','1997-07-02','Brasil',97,20,0,0,0,0),(628,'Halls','Goleiro','1999-06-17','Brasil',24,20,0,0,0,0),(629,'Léo','Zagueiro','1996-03-06','Brasil',3,20,0,0,0,0),(630,'Manuel Capasso','Zagueiro','1996-04-19','Argentina',22,20,0,0,0,0),(631,'Robson Bambu','Zagueiro','1997-11-12','Brasil',30,20,0,0,0,0),(632,'Gary Medel','Zagueiro','1987-08-03','Chile',17,20,0,0,0,0),(633,'Miranda','Zagueiro','2000-01-19','Brasil',35,20,0,0,0,0),(634,'Maicon','Zagueiro','1988-09-14','Brasil',4,20,0,0,0,0),(635,'Zé Vitor','Zagueiro','2002-06-10','Brasil',44,20,0,0,0,0),(636,'Lucas Piton','Lateral Esq.','2000-10-09','Itália',6,20,0,0,0,0),(637,'Riquelme','Lateral Esq.','2002-08-28','Brasil',45,20,0,0,0,0),(638,'Jefferson','Lateral Esq.','1997-01-03','Brasil',12,20,0,0,0,0),(639,'José Luis Rodríguez','Lateral Dir.','1997-03-14','Uruguai',2,20,0,0,0,0),(640,'Gabriel Dias','Lateral Dir.','1994-05-10','Brasil',13,20,0,0,0,0),(641,'Paulo Henrique','Lateral Dir.','1996-07-25','Brasil',96,20,0,0,0,0),(642,'Patrick de Lucca','Volante','2000-03-02','Brasil',5,20,0,0,0,0),(643,'Zé Gabriel','Volante','1999-01-21','Brasil',23,20,0,0,0,0),(644,'Mateus Carvalho','Volante','2002-03-18','Brasil',85,20,0,0,0,0),(645,'Praxedes','Meia Central','2002-02-08','Brasil',21,20,0,0,0,0),(646,'Jair','Meia Central','1994-08-26','Brasil',8,20,0,0,0,0),(647,'Paulinho Paula','Meia Central','1997-01-08','Brasil',18,20,0,0,0,0),(648,'Cauan Barros','Meia Central','2004-05-06','Brasil',88,20,0,0,0,0),(649,'Marlon Gomes','Meia Ofensivo','2003-12-14','Brasil',25,20,0,0,0,0),(650,'Dimitri Payet','Meia Ofensivo','1987-03-29','França',10,20,0,0,0,0),(651,'Alex Teixeira','Meia Ofensivo','1990-01-06','Brasil',7,20,0,0,0,0),(652,'Figueiredo','Ponta Esquerda','2001-08-14','Brasil',15,20,0,0,0,0),(653,'Serginho','Ponta Esquerda','1995-04-06','Brasil',70,20,0,0,0,0),(654,'Erick Marcus','Ponta Esquerda','2004-03-01','Brasil',16,20,0,0,0,0),(655,'Luca Orellano','Ponta Direita','2000-03-22','Argentina',14,20,0,0,0,0),(656,'Gabriel Pec','Ponta Direita','2001-02-11','Brasil',11,20,0,0,0,0),(657,'Rayan','Ponta Direita','2006-08-03','Brasil',77,20,0,0,0,0),(658,'Rossi','Ponta Direita','1993-04-22','Brasil',31,20,0,0,0,0),(659,'Sebastián Ferreira','Centroavante','1998-02-13','Paraguai',9,20,0,0,0,0),(660,'Pablo Vegetti','Centroavante','1988-10-15','Argentina',99,20,0,0,0,0);
/*!40000 ALTER TABLE `Atleta` ENABLE KEYS */;
UNLOCK TABLES;

--
-- Temporary view structure for view `CartoesAmarelos`
--

DROP TABLE IF EXISTS `CartoesAmarelos`;
/*!50001 DROP VIEW IF EXISTS `CartoesAmarelos`*/;
SET @saved_cs_client     = @@character_set_client;
/*!50503 SET character_set_client = utf8mb4 */;
/*!50001 CREATE VIEW `CartoesAmarelos` AS SELECT 
 1 AS `ID_Atleta`,
 1 AS `Nome_Equipe`,
 1 AS `Nome_Atleta`,
 1 AS `CA`,
 1 AS `JOGOS`*/;
SET character_set_client = @saved_cs_client;

--
-- Temporary view structure for view `CartoesVermelhos`
--

DROP TABLE IF EXISTS `CartoesVermelhos`;
/*!50001 DROP VIEW IF EXISTS `CartoesVermelhos`*/;
SET @saved_cs_client     = @@character_set_client;
/*!50503 SET character_set_client = utf8mb4 */;
/*!50001 CREATE VIEW `CartoesVermelhos` AS SELECT 
 1 AS `ID_Atleta`,
 1 AS `Nome_Equipe`,
 1 AS `Nome_Atleta`,
 1 AS `CV`,
 1 AS `JOGOS`*/;
SET character_set_client = @saved_cs_client;

--
-- Temporary view structure for view `Classificacao`
--

DROP TABLE IF EXISTS `Classificacao`;
/*!50001 DROP VIEW IF EXISTS `Classificacao`*/;
SET @saved_cs_client     = @@character_set_client;
/*!50503 SET character_set_client = utf8mb4 */;
/*!50001 CREATE VIEW `Classificacao` AS SELECT 
 1 AS `POS`,
 1 AS `Nome`,
 1 AS `Pts`,
 1 AS `Jogos`,
 1 AS `Vitoria`,
 1 AS `Empate`,
 1 AS `Derrota`,
 1 AS `GP`,
 1 AS `GC`,
 1 AS `SG`,
 1 AS `CA`,
 1 AS `CV`*/;
SET character_set_client = @saved_cs_client;

--
-- Table structure for table `Equipe`
--

DROP TABLE IF EXISTS `Equipe`;
/*!40101 SET @saved_cs_client     = @@character_set_client */;
/*!50503 SET character_set_client = utf8mb4 */;
CREATE TABLE `Equipe` (
  `ID_Equipe` int NOT NULL AUTO_INCREMENT,
  `Nome_Equipe` varchar(50) NOT NULL,
  `Nome_Completo_Equipe` varchar(100) DEFAULT NULL,
  `Cidade` varchar(50) DEFAULT NULL,
  `Estado` varchar(50) DEFAULT NULL,
  `Treinador` varchar(100) DEFAULT NULL,
  `Estadio` varchar(100) DEFAULT NULL,
  PRIMARY KEY (`ID_Equipe`)
) ENGINE=InnoDB AUTO_INCREMENT=27 DEFAULT CHARSET=utf8mb4 COLLATE=utf8mb4_0900_ai_ci;
/*!40101 SET character_set_client = @saved_cs_client */;

--
-- Dumping data for table `Equipe`
--

LOCK TABLES `Equipe` WRITE;
/*!40000 ALTER TABLE `Equipe` DISABLE KEYS */;
INSERT INTO `Equipe` VALUES (1,'América','América Futebol Clube','Belo Horizonte','Minas Gerais','Fabián Bustos','Independência'),(2,'Athletico','Club Athletico Paranaense','Curitiba','Paraná','Wesley Carvalho','Ligga Arena'),(3,'Atletico','Clube Atletico Mineiro','Belo Horizonte','Minas Gerais','Luis Felipe Scolari','Arena MRV'),(4,'Bahia','Esporte Clube Bahia','Salvador','Bahia','Rogerio Ceni','Itaipava Arena Fonte Nova'),(5,'Botafogo','Botafogo de Futebol e Regatas','Rio de Janeiro','Rio de Janeiro','Lucio Flávio','Nilton Santos'),(6,'Corinthians','Sport Corinthians Paulista','São Paulo','São Paulo','Mano Menezes','Neo Química Arena'),(7,'Coritiba','Coritiba Foot Ball Club','Curitiba','Paraná','Thiago Kosloski','Couto Pereira'),(8,'Cruzeiro','Cruzeiro Esporte Clube','Belo Horizonte','Minas Gerais','Zé Ricardo','Mineirão'),(9,'Cuiabá','Cuiabá Esporte Clube','Cuiabá','Mato Grosso','Antonio Oliveira','Arena Pantanal'),(10,'Flamengo','Clube de Regatas do Flamengo','Rio de Janeiro','Rio de janeiro','Tite','Maracanã'),(11,'Fluminense','Fluminense Football Club','Rio de Janeiro','Rio de janeiro','Fernando Diniz','Maracanã'),(12,'Fortaleza','Fortaleza Esporte Clube','Fortaleza','Ceará','Juan Vojvoda','Castelão'),(13,'Goias','Goias Esporte Clube','Goias','Goias','Armando Evangelista','Serrinha'),(14,'Gremio','Gremio Foot-Ball Porto Alegrense','Porto Alegre','Rio Grande do Sul','Renato Portaluppi','Arena do Gremio'),(15,'Internacional','Sport Club Internacional','Porto Alegre','Rio Grande do Sul','Eduardo Coudet','Beira Rio'),(16,'Palmeiras','Sociedade Esportiva Palmeiras','São Paulo','São Paulo','Abel Ferreira','Allianz Parque'),(17,'Bragantino','Red Bull Bragantino','Bragança Paulista','São Paulo','Pedro Caixinha','Nabi Abi Chedid'),(18,'Santos','Santos Futebol Clube','Santos','São Paulo','Marcelo Fernandes','Vila Belmiro'),(19,'São Paulo','São Paulo Futebol Clube','São Paulo','São Paulo','Dorival Jr','Morumbi'),(20,'Vasco da Gama','Club de Regatas Vasco da Gama','Rio de Janeiro','Rio de Janeiro','Ramón Díaz','São Januário'),(26,'Democrata','Democrata Futebol Clube','Sete Lagoas','Minas Gerais','Paulinho Guará','Arena do Jacaré');
/*!40000 ALTER TABLE `Equipe` ENABLE KEYS */;
UNLOCK TABLES;

--
-- Table structure for table `Partidas`
--

DROP TABLE IF EXISTS `Partidas`;
/*!40101 SET @saved_cs_client     = @@character_set_client */;
/*!50503 SET character_set_client = utf8mb4 */;
CREATE TABLE `Partidas` (
  `ID_Partida` int NOT NULL AUTO_INCREMENT,
  `Rodada` int DEFAULT NULL,
  `DiaHora` datetime NOT NULL,
  `EquipeMandanteID` int DEFAULT NULL,
  `EquipeVisitanteID` int DEFAULT NULL,
  `Estadio_Partida` varchar(100) DEFAULT NULL,
  `GolsMandante` int DEFAULT NULL,
  `GolsVisitante` int DEFAULT NULL,
  PRIMARY KEY (`ID_Partida`),
  KEY `EquipeMandanteID` (`EquipeMandanteID`),
  KEY `EquipeVisitanteID` (`EquipeVisitanteID`),
  CONSTRAINT `Partidas_ibfk_1` FOREIGN KEY (`EquipeMandanteID`) REFERENCES `Equipe` (`ID_Equipe`),
  CONSTRAINT `Partidas_ibfk_2` FOREIGN KEY (`EquipeVisitanteID`) REFERENCES `Equipe` (`ID_Equipe`)
) ENGINE=InnoDB AUTO_INCREMENT=383 DEFAULT CHARSET=utf8mb4 COLLATE=utf8mb4_0900_ai_ci;
/*!40101 SET character_set_client = @saved_cs_client */;

--
-- Dumping data for table `Partidas`
--

LOCK TABLES `Partidas` WRITE;
/*!40000 ALTER TABLE `Partidas` DISABLE KEYS */;
INSERT INTO `Partidas` VALUES (1,1,'2023-04-15 16:00:00',16,9,'Allianz Parque',2,1),(2,1,'2023-04-15 16:00:00',1,11,'Independência',0,3),(3,1,'2023-04-15 18:30:00',5,19,'Nilton Santos',2,1),(4,1,'2023-04-15 18:30:00',17,4,'Nabi Abi Chedid',2,1),(5,1,'2023-04-15 18:30:00',2,13,'Ligga Arena',2,0),(6,1,'2023-04-15 18:30:00',12,15,'Castelão',1,1),(7,1,'2023-04-15 21:00:00',3,20,'Arena MRV',1,2),(8,1,'2023-04-16 16:00:00',10,7,'Maracanã',3,0),(9,1,'2023-04-16 16:00:00',6,8,'Neo Química Arena',2,0),(10,1,'2023-04-16 18:30:00',14,18,'Arena do Gremio',1,0),(11,2,'2023-04-22 16:00:00',11,2,'Maracanã',2,0),(12,2,'2023-04-22 18:30:00',19,1,'Morumbi',3,0),(13,2,'2023-04-22 18:30:00',9,17,'Arena Pantanal',1,1),(14,2,'2023-04-22 18:30:00',8,14,'Mineirão',1,0),(15,2,'2023-04-23 11:00:00',15,10,'Beira Rio',2,1),(16,2,'2023-04-23 16:00:00',20,16,'São Januário',2,2),(17,2,'2023-04-23 16:00:00',18,3,'Vila Belmiro',0,0),(18,2,'2023-04-23 18:30:00',7,12,'Couto Pereira',0,3),(19,2,'2023-04-23 19:00:00',13,6,'Serrinha',3,1),(20,2,'2023-04-24 20:00:00',4,5,'Itaipava Arena Fonte Nova',1,2),(21,3,'2023-04-29 16:30:00',7,19,'Couto Pereira',1,1),(22,3,'2023-04-29 16:30:00',12,11,'Castelão',4,2),(23,3,'2023-04-29 18:30:00',16,6,'Allianz Parque',2,1),(24,3,'2023-04-29 18:30:00',18,1,'Vila Belmiro',3,2),(25,3,'2023-04-29 18:30:00',17,8,'Nabi Abi Chedid',0,3),(26,3,'2023-04-29 21:00:00',3,2,'Arena MRV',2,1),(27,3,'2023-04-30 16:00:00',10,5,'Maracanã',2,3),(28,3,'2023-04-30 18:30:00',15,13,'Beira Rio',1,0),(29,3,'2023-04-30 18:30:00',9,14,'Arena Pantanal',1,2),(30,3,'2023-05-01 20:00:00',20,4,'São Januário',0,1),(31,4,'2023-05-06 16:00:00',8,18,'Mineirão',2,1),(32,4,'2023-05-06 21:00:00',11,20,'Maracanã',1,1),(33,4,'2023-05-07 11:00:00',1,9,'Independência',1,2),(34,4,'2023-05-07 16:00:00',19,15,'Morumbi',2,0),(35,4,'2023-05-07 16:00:00',2,10,'Ligga Arena',2,1),(36,4,'2023-05-07 16:00:00',4,7,'Itaipava Arena Fonte Nova',3,1),(37,4,'2023-05-07 18:30:00',5,3,'Nilton Santos',2,0),(38,4,'2023-05-07 18:30:00',6,12,'Neo Química Arena',1,1),(39,4,'2023-05-07 18:30:00',13,16,'Serrinha',0,5),(40,4,'2023-05-08 20:00:00',14,17,'Arena do Gremio',3,3),(41,5,'2023-05-10 19:00:00',18,4,'Vila Belmiro',3,0),(42,5,'2023-05-10 19:00:00',17,1,'Nabi Abi Chedid',2,2),(43,5,'2023-05-10 19:00:00',15,2,'Beira Rio',0,2),(44,5,'2023-05-10 20:00:00',10,13,'Maracanã',2,0),(45,5,'2023-05-10 20:00:00',9,3,'Arena Pantanal',0,4),(46,5,'2023-05-10 21:30:00',16,14,'Allianz Parque',4,1),(47,5,'2023-05-10 21:30:00',8,11,'Mineirão',0,2),(48,5,'2023-05-11 19:00:00',5,6,'Nilton Santos',3,0),(49,5,'2023-05-11 19:00:00',7,20,'Couto Pereira',1,1),(50,5,'2023-05-11 20:00:00',12,19,'Castelão',0,0),(51,6,'2023-05-13 16:00:00',4,10,'Itaipava Arena Fonte Nova',2,3),(52,6,'2023-05-13 18:30:00',11,9,'Maracanã',2,0),(53,6,'2023-05-13 18:30:00',16,17,'Allianz Parque',1,1),(54,6,'2023-05-13 21:00:00',3,15,'Arena MRV',2,0),(55,6,'2023-05-14 16:00:00',20,18,'São Januário',0,1),(56,6,'2023-05-14 16:00:00',6,19,'Neo Química Arena',1,1),(57,6,'2023-05-14 16:00:00',14,12,'Arena do Gremio',0,0),(58,6,'2023-05-14 18:30:00',13,5,'Serrinha',2,1),(59,6,'2023-05-14 18:30:00',2,7,'Ligga Arena',3,2),(60,6,'2023-05-14 18:30:00',1,8,'Independência',0,4),(61,7,'2023-05-20 16:00:00',4,13,'Itaipava Arena Fonte Nova',1,1),(62,7,'2023-05-20 18:30:00',5,11,'Nilton Santos',1,0),(63,7,'2023-05-20 18:30:00',19,20,'Morumbi',4,2),(64,7,'2023-05-20 18:30:00',17,2,'Nabi Abi Chedid',2,0),(65,7,'2023-05-20 18:30:00',7,3,'Couto Pereira',1,2),(66,7,'2023-05-20 18:30:00',1,12,'Independência',2,1),(67,7,'2023-05-20 21:00:00',18,16,'Vila Belmiro',0,0),(68,7,'2023-05-21 16:00:00',10,6,'Maracanã',1,0),(69,7,'2023-05-21 18:30:00',14,15,'Arena do Gremio',3,1),(70,7,'2023-05-22 21:00:00',8,9,'Mineirão',0,1),(71,8,'2023-05-27 16:00:00',2,14,'Ligga Arena',1,2),(72,8,'2023-05-27 16:00:00',12,20,'Castelão',2,0),(73,8,'2023-05-27 18:30:00',10,8,'Maracanã',1,1),(74,8,'2023-05-27 18:30:00',9,7,'Arena Pantanal',1,1),(75,8,'2023-05-27 21:00:00',19,13,'Morumbi',2,1),(76,8,'2023-05-28 16:00:00',6,11,'Neo Química Arena',2,0),(77,8,'2023-05-28 16:00:00',15,4,'Beira Rio',2,0),(78,8,'2023-05-28 18:30:00',17,18,'Nabi Abi Chedid',2,0),(79,8,'2023-05-28 18:30:00',3,16,'Arena MRV',1,1),(80,8,'2023-05-28 19:00:00',5,1,'Nilton Santos',2,0),(81,9,'2023-06-03 16:00:00',12,4,'Castelão',0,0),(82,9,'2023-06-03 18:30:00',8,3,'Mineirão',0,1),(83,9,'2023-06-03 18:30:00',2,5,'Ligga Arena',1,0),(84,9,'2023-06-03 18:30:00',1,6,'Independência',2,0),(85,9,'2023-06-03 21:00:00',18,15,'Vila Belmiro',1,1),(86,9,'2023-06-04 16:00:00',11,17,'Maracanã',2,1),(87,9,'2023-06-04 16:00:00',14,19,'Arena do Gremio',2,1),(88,9,'2023-06-04 18:30:00',16,7,'Allianz Parque',3,1),(89,9,'2023-06-04 18:30:00',13,9,'Serrinha',0,1),(90,9,'2023-06-04 21:00:00',20,10,'São Januário',1,4),(91,10,'2023-06-10 16:00:00',7,18,'Couto Pereira',0,0),(92,10,'2023-06-10 18:30:00',6,9,'Neo Química Arena',1,1),(93,10,'2023-06-10 18:30:00',3,17,'Arena MRV',1,1),(94,10,'2023-06-10 18:30:00',4,8,'Itaipava Arena Fonte Nova',2,2),(95,10,'2023-06-10 21:00:00',5,12,'Nilton Santos',2,0),(96,10,'2023-06-11 11:00:00',1,2,'Independência',2,2),(97,10,'2023-06-11 16:00:00',19,16,'Morumbi',0,2),(98,10,'2023-06-11 16:00:00',15,20,'Beira Rio',2,1),(99,10,'2023-06-11 18:30:00',10,14,'Maracanã',3,0),(100,10,'2023-06-11 18:30:00',13,11,'Serrinha',2,2),(101,11,'2023-06-21 19:00:00',19,2,'Morumbi',2,1),(102,11,'2023-06-21 19:00:00',8,12,'Mineirão',0,1),(103,11,'2023-06-21 20:00:00',18,6,'Vila Belmiro',0,2),(104,11,'2023-06-21 21:30:00',11,3,'Maracanã',1,1),(105,11,'2023-06-21 21:30:00',4,16,'Itaipava Arena Fonte Nova',1,0),(106,11,'2023-06-22 19:00:00',14,1,'Arena do Gremio',3,1),(107,11,'2023-06-22 20:00:00',20,13,'São Januário',0,1),(108,11,'2023-06-22 20:00:00',7,15,'Couto Pereira',0,1),(109,11,'2023-06-22 20:00:00',9,5,'Arena Pantanal',0,1),(110,11,'2023-06-22 21:30:00',17,10,'Nabi Abi Chedid',4,0),(111,12,'2023-06-24 16:00:00',2,6,'Ligga Arena',1,0),(112,12,'2023-06-24 18:30:00',11,4,'Maracanã',2,1),(113,12,'2023-06-24 18:30:00',12,3,'Castelão',2,1),(114,12,'2023-06-24 21:00:00',8,19,'Mineirão',1,0),(115,12,'2023-06-25 16:00:00',16,5,'Allianz Parque',0,1),(116,12,'2023-06-25 16:00:00',14,7,'Arena do Gremio',5,1),(117,12,'2023-06-25 18:30:00',18,10,'Vila Belmiro',2,3),(118,12,'2023-06-25 18:30:00',17,13,'Nabi Abi Chedid',2,0),(119,12,'2023-06-25 18:30:00',1,15,'Independência',1,2),(120,12,'2023-06-26 21:00:00',20,9,'São Januário',1,0),(121,13,'2023-07-01 16:00:00',19,11,'Morumbi',1,0),(122,13,'2023-07-01 18:30:00',10,12,'Maracanã',2,0),(123,13,'2023-07-01 18:30:00',4,14,'Itaipava Arena Fonte Nova',1,2),(124,13,'2023-07-01 21:00:00',15,8,'Beira Rio',0,0),(125,13,'2023-07-02 11:00:00',6,17,'Neo Química Arena',0,1),(126,13,'2023-07-02 16:00:00',5,20,'Nilton Santos',2,0),(127,13,'2023-07-02 16:00:00',3,1,'Arena MRV',2,2),(128,13,'2023-07-02 16:00:00',2,16,'Ligga Arena',2,2),(129,13,'2023-07-02 18:30:00',9,18,'Arena Pantanal',3,0),(130,13,'2023-07-03 21:00:00',13,7,'Serrinha',1,2),(131,14,'2023-07-08 16:00:00',20,8,'São Januário',0,1),(132,14,'2023-07-08 16:00:00',9,4,'Arena Pantanal',1,1),(133,14,'2023-07-08 18:30:00',3,6,'Arena MRV',0,1),(134,14,'2023-07-08 18:30:00',7,1,'Couto Pereira',3,1),(135,14,'2023-07-08 21:00:00',16,10,'Allianz Parque',1,1),(136,14,'2023-07-09 11:00:00',18,13,'Vila Belmiro',4,3),(137,14,'2023-07-09 16:00:00',11,15,'Maracanã',2,0),(138,14,'2023-07-09 16:00:00',17,19,'Nabi Abi Chedid',0,0),(139,14,'2023-07-09 18:30:00',14,5,'Arena do Gremio',0,2),(140,14,'2023-07-09 18:30:00',12,2,'Castelão',1,0),(141,15,'2023-07-15 21:00:00',5,17,'Nilton Santos',2,0),(142,15,'2023-07-16 11:00:00',8,7,'Mineirão',0,0),(143,15,'2023-07-16 16:00:00',11,10,'Maracanã',0,0),(144,15,'2023-07-16 16:00:00',19,18,'Morumbi',4,1),(145,15,'2023-07-16 16:00:00',12,9,'Castelão',0,1),(146,15,'2023-07-16 18:30:00',15,16,'Beira Rio',0,0),(147,15,'2023-07-16 18:30:00',2,4,'Ligga Arena',2,0),(148,15,'2023-07-17 20:00:00',13,3,'Serrinha',0,0),(149,15,'2023-09-18 21:00:00',6,14,'Neo Química Arena',4,4),(150,15,'2023-09-25 20:00:00',1,20,'Independência',0,1),(151,16,'2023-07-22 16:00:00',10,1,'Maracanã',1,1),(152,16,'2023-07-22 16:00:00',16,12,'Allianz Parque',3,1),(153,16,'2023-07-22 18:30:00',4,6,'Itaipava Arena Fonte Nova',0,0),(154,16,'2023-07-22 18:30:00',9,19,'Arena Pantanal',2,1),(155,16,'2023-07-22 21:00:00',14,3,'Arena do Gremio',1,0),(156,16,'2023-07-23 16:00:00',18,5,'Vila Belmiro',2,2),(157,16,'2023-07-23 16:00:00',17,15,'Nabi Abi Chedid',0,0),(158,16,'2023-07-23 16:00:00',8,13,'Mineirão',0,1),(159,16,'2023-07-23 18:30:00',20,2,'São Januário',0,2),(160,16,'2023-07-24 19:00:00',7,11,'Couto Pereira',2,0),(161,17,'2023-07-29 16:00:00',11,18,'Maracanã',1,0),(162,17,'2023-07-29 16:00:00',15,9,'Beira Rio',1,2),(163,17,'2023-07-29 16:00:00',2,8,'Ligga Arena',3,3),(164,17,'2023-07-29 18:30:00',6,20,'Neo Química Arena',3,1),(165,17,'2023-07-29 18:30:00',12,17,'Castelão',0,3),(166,17,'2023-07-29 16:00:00',3,10,'Arena MRV',1,2),(167,17,'2023-07-30 16:00:00',19,4,'Morumbi',0,0),(168,17,'2023-07-30 18:30:00',5,7,'Nilton Santos',4,1),(169,17,'2023-07-30 18:30:00',1,16,'Independência',1,4),(170,17,'2023-07-30 18:30:00',13,14,'Serrinha',1,1),(171,18,'2023-08-05 16:00:00',18,2,'Vila Belmiro',1,1),(172,18,'2023-08-05 18:30:00',13,12,'Serrinha',1,0),(173,18,'2023-08-05 18:30:00',15,6,'Beira Rio',2,2),(174,18,'2023-08-05 20:00:00',11,16,'Maracanã',2,1),(175,18,'2023-08-06 16:00:00',20,14,'São Januário',1,0),(176,18,'2023-08-06 16:00:00',19,3,'Morumbi',0,0),(177,18,'2023-08-06 18:30:00',8,5,'Mineirão',0,0),(178,18,'2023-08-06 18:30:00',7,17,'Couto Pereira',0,1),(179,18,'2023-08-06 18:30:00',4,1,'Itaipava Arena Fonte Nova',3,1),(180,18,'2023-08-06 21:00:00',9,10,'Arena Pantanal',3,0),(181,19,'2023-08-12 21:00:00',5,15,'Nilton Santos',3,1),(182,19,'2023-08-13 11:00:00',3,4,'Arena MRV',1,0),(183,19,'2023-08-13 16:00:00',6,7,'Neo Química Arena',3,1),(184,19,'2023-08-13 16:00:00',14,11,'Arena do Gremio',2,1),(185,19,'2023-08-13 16:00:00',1,13,'Independência',0,1),(186,19,'2023-08-13 18:30:00',10,19,'Maracanã',1,1),(187,19,'2023-08-13 18:30:00',12,18,'Castelão',4,0),(188,19,'2023-08-14 19:00:00',16,8,'Allianz Parque',1,0),(189,19,'2023-08-14 21:00:00',17,20,'Nabi Abi Chedid',1,1),(190,19,'2023-08-15 20:00:00',2,9,'Ligga Arena',2,0),(191,20,'2023-08-19 16:00:00',19,5,'Morumbi',0,0),(192,20,'2023-08-19 16:00:00',15,12,'Beira Rio',0,1),(193,20,'2023-08-19 18:30:00',11,1,'Maracanã',3,1),(194,20,'2023-08-19 18:30:00',9,16,'Arena Pantanal',0,2),(195,20,'2023-08-19 21:00:00',8,6,'Mineirão',1,1),(196,20,'2023-08-20 11:00:00',20,3,'São Januário',1,0),(197,20,'2023-08-20 16:00:00',18,14,'Vila Belmiro',2,1),(198,20,'2023-08-20 16:00:00',7,10,'Couto Pereira',2,3),(199,20,'2023-08-20 16:00:00',4,17,'Itaipava Arena Fonte Nova',4,0),(200,20,'2023-08-21 20:00:00',13,2,'Serrinha',1,1),(201,21,'2023-08-26 18:30:00',10,15,'Maracanã',0,0),(202,21,'2023-08-26 21:00:00',6,13,'Neo Química Arena',1,1),(203,21,'2023-08-27 11:00:00',17,9,'Nabi Abi Chedid',2,0),(204,21,'2023-08-27 16:00:00',5,4,'Nilton Santos',3,0),(205,21,'2023-08-27 16:00:00',3,18,'Arena MRV',2,0),(206,21,'2023-08-27 16:00:00',1,19,'Independência',2,1),(207,21,'2023-08-27 18:30:00',16,20,'Allianz Parque',1,0),(208,21,'2023-08-27 18:30:00',2,11,'Ligga Arena',2,2),(209,21,'2023-08-27 18:30:00',12,7,'Castelão',3,1),(210,21,'2023-08-27 19:00:00',14,8,'Arena do Gremio',3,0),(211,22,'2023-09-02 16:00:00',13,15,'Serrinha',0,0),(212,22,'2023-09-02 16:00:00',2,3,'Ligga Arena',1,1),(213,22,'2023-09-02 21:00:00',5,10,'Nilton Santos',1,2),(214,22,'2023-09-03 11:00:00',14,9,'Arena do Gremio',2,0),(215,22,'2023-09-03 16:00:00',11,12,'Maracanã',1,0),(216,22,'2023-09-03 16:00:00',6,16,'Neo Química Arena',0,0),(217,22,'2023-09-03 18:30:00',8,17,'Mineirão',0,0),(218,22,'2023-09-03 18:30:00',4,20,'Itaipava Arena Fonte Nova',1,1),(219,22,'2023-09-03 18:30:00',1,18,'Independência',2,0),(220,22,'2023-09-27 19:00:00',19,7,'Morumbi',2,1),(221,23,'2023-09-13 21:30:00',10,2,'Maracanã',0,3),(222,23,'2023-09-13 21:30:00',15,19,'Beira Rio',2,1),(223,23,'2023-09-14 19:00:00',18,8,'Vila Belmiro',0,3),(224,23,'2023-09-14 19:00:00',12,6,'Castelão',2,1),(225,23,'2023-09-14 20:00:00',7,4,'Couto Pereira',2,4),(226,23,'2023-09-14 21:30:00',17,14,'Nabi Abi Chedid',2,0),(227,23,'2023-09-15 20:00:00',9,1,'Arena Pantanal',2,2),(228,23,'2023-09-15 21:30:00',16,13,'Allianz Parque',1,0),(229,23,'2023-09-16 16:00:00',20,11,'São Januário',4,2),(230,23,'2023-09-16 21:00:00',3,5,'Arena MRV',1,0),(231,24,'2023-09-18 20:00:00',4,18,'Itaipava Arena Fonte Nova',1,2),(232,24,'2023-09-19 21:30:00',1,17,'Independência',0,2),(233,24,'2023-09-20 19:00:00',13,10,'Serrinha',0,0),(234,24,'2023-09-20 21:30:00',11,8,'Maracanã',1,0),(235,24,'2023-09-20 21:30:00',19,12,'Morumbi',1,2),(236,24,'2023-09-21 19:00:00',20,7,'São Januário',5,1),(237,24,'2023-09-21 19:30:00',2,15,'Ligga Arena',2,1),(238,24,'2023-09-21 21:30:00',14,16,'Arena do Gremio',1,0),(239,24,'2023-09-22 20:00:00',6,5,'Neo Química Arena',1,0),(240,24,'2023-09-23 21:00:00',3,9,'Arena MRV',1,0),(241,25,'2023-09-30 16:00:00',10,4,'Maracanã',1,0),(242,25,'2023-09-30 16:00:00',12,14,'Castelão',1,1),(243,25,'2023-09-30 18:30:00',19,6,'Morumbi',2,1),(244,25,'2023-09-30 18:30:00',9,11,'Arena Pantanal',3,0),(245,25,'2023-09-30 21:00:00',15,3,'Beira Rio',0,2),(246,25,'2023-09-01 16:00:00',18,20,'Vila Belmiro',4,1),(247,25,'2023-09-01 16:00:00',8,1,'Mineirão',1,1),(248,25,'2023-09-01 16:00:00',7,2,'Couto Pereira',2,0),(249,25,'2023-09-01 18:30:00',17,16,'Nabi Abi Chedid',2,1),(250,25,'2023-09-02 20:00:00',5,13,'Nilton Santos',1,1),(251,26,'2023-10-07 16:00:00',13,4,'Serrinha',4,6),(252,26,'2023-10-07 18:30:00',20,19,'São Januário',0,0),(253,26,'2023-10-07 21:00:00',6,10,'Neo Química Arena',1,1),(254,26,'2023-10-08 16:00:00',11,5,'Maracanã',0,2),(255,26,'2023-10-08 16:00:00',16,18,'Allianz Parque',1,2),(256,26,'2023-10-08 16:00:00',15,14,'Beira Rio',3,2),(257,26,'2023-10-08 18:30:00',3,7,'Arena MRV',1,2),(258,26,'2023-10-08 18:30:00',2,17,'Ligga Arena',1,1),(259,26,'2023-10-08 18:30:00',12,1,'Castelão',3,2),(260,26,'2023-10-14 21:00:00',9,8,'Arena Pantanal',0,0),(261,27,'2023-10-18 19:00:00',14,2,'Arena do Gremio',1,2),(262,27,'2023-10-18 20:00:00',7,9,'Couto Pereira',0,3),(263,27,'2023-10-18 20:00:00',1,5,'Independência',1,2),(264,27,'2023-10-18 21:30:00',20,12,'São Januário',1,0),(265,27,'2023-10-18 21:30:00',13,19,'Serrinha',2,0),(266,27,'2023-10-18 21:30:00',4,15,'Itaipava Arena Fonte Nova',1,0),(267,27,'2023-10-19 19:00:00',16,3,'Allianz Parque',0,2),(268,27,'2023-10-19 19:00:00',8,10,'Mineirão',0,2),(269,27,'2023-10-19 20:00:00',18,17,'Vila Belmiro',1,3),(270,27,'2023-10-19 21:30:00',11,6,'Maracanã',3,3),(271,28,'2023-10-18 18:30:00',19,14,'Morumbi',3,0),(272,28,'2023-10-18 18:30:00',4,12,'Itaipava Arena Fonte Nova',2,0),(273,28,'2023-10-18 18:30:00',9,13,'Arena Pantanal',1,1),(274,28,'2023-10-18 15:00:00',5,2,'Nilton Santos',1,1),(275,28,'2023-10-18 16:00:00',10,20,'Maracanã',1,0),(276,28,'2023-10-18 16:00:00',3,8,'Arena MRV',0,1),(277,28,'2023-10-18 16:00:00',15,18,'Beira Rio',7,1),(278,28,'2023-10-18 18:30:00',6,1,'Neo Química Arena',1,1),(279,28,'2023-10-18 18:30:00',17,11,'Nabi Abi Chedid',1,0),(280,28,'2023-10-18 18:30:00',7,16,'Couto Pereira',0,2),(281,29,'2023-10-25 19:00:00',11,13,'Maracanã',5,3),(282,29,'2023-10-25 19:00:00',17,3,'Nabi Abi Chedid',1,2),(283,29,'2023-10-25 19:00:00',2,1,'Ligga Arena',3,2),(284,29,'2023-10-25 20:00:00',16,19,'Allianz Parque',5,0),(285,29,'2023-10-25 20:00:00',8,4,'Mineirão',3,0),(286,29,'2023-10-25 21:30:00',14,10,'Arena do Gremio',3,2),(287,29,'2023-10-25 21:30:00',9,6,'Arena Pantanal',0,1),(288,29,'2023-10-26 19:00:00',20,15,'São Januário',1,2),(289,29,'2023-10-26 21:30:00',18,7,'Vila Belmiro',2,1),(290,29,'2023-11-23 19:00:00',12,5,'Castelão',2,2),(291,30,'2023-10-28 19:00:00',16,4,'Allianz Parque',1,0),(292,30,'2023-10-28 19:00:00',1,14,'Independência',3,4),(293,30,'2023-10-28 21:00:00',3,11,'Arena MRV',2,0),(294,30,'2023-10-29 16:00:00',13,20,'Serrinha',1,1),(295,30,'2023-10-29 16:00:00',2,19,'Ligga Arena',1,1),(296,30,'2023-10-29 18:30:00',6,18,'Neo Química Arena',1,1),(297,30,'2023-10-29 18:30:00',15,7,'Beira Rio',3,4),(298,30,'2023-10-29 20:00:00',5,9,'Nilton Santos',0,1),(299,30,'2023-11-18 18:30:00',12,8,'Castelão',0,1),(300,30,'2023-11-23 21:30:00',10,17,'Maracanã',1,0),(301,31,'2023-10-31 19:00:00',4,11,'Itaipava Arena Fonte Nova',1,0),(302,31,'2023-11-01 19:00:00',6,2,'Neo Química Arena',1,0),(303,31,'2023-11-01 19:00:00',15,1,'Beira Rio',1,1),(304,31,'2023-11-01 20:00:00',10,18,'Maracanã',1,2),(305,31,'2023-11-01 20:00:00',7,14,'Couto Pereira',1,2),(306,31,'2023-11-01 21:30:00',5,16,'Nilton Santos',3,4),(307,31,'2023-11-01 21:30:00',3,12,'Arena MRV',3,1),(308,31,'2023-11-02 17:00:00',9,20,'Arena Pantanal',0,2),(309,31,'2023-11-02 18:00:00',13,17,'Serrinha',0,2),(310,31,'2023-11-02 20:00:00',19,8,'Morumbi',1,0),(311,32,'2023-11-04 19:30:00',14,4,'Arena do Gremio',1,0),(312,32,'2023-11-04 19:30:00',1,3,'Independência',1,1),(313,32,'2023-11-04 21:30:00',16,2,'Allianz Parque',1,0),(314,32,'2023-11-05 16:00:00',17,6,'Nabi Abi Chedid',1,0),(315,32,'2023-11-05 16:00:00',8,15,'Mineirão',1,2),(316,32,'2023-11-05 16:00:00',12,10,'Castelão',0,2),(317,32,'2023-11-05 18:30:00',7,13,'Couto Pereira',0,1),(318,32,'2023-11-06 19:00:00',20,5,'São Januário',1,0),(319,32,'2023-11-06 21:00:00',18,9,'Vila Belmiro',0,0),(320,32,'2023-11-22 21:30:00',11,19,'Maracanã',1,0),(321,33,'2023-11-08 19:00:00',15,11,'Beira Rio',0,0),(322,33,'2023-11-08 19:00:00',1,7,'Independência',0,3),(323,33,'2023-11-08 20:00:00',19,17,'Morumbi',1,0),(324,33,'2023-11-08 20:00:00',2,12,'Ligga Arena',1,1),(325,33,'2023-11-08 21:30:00',10,16,'Maracanã',3,0),(326,33,'2023-11-09 19:00:00',6,3,'Neo Química Arena',1,1),(327,33,'2023-11-09 19:00:00',13,18,'Serrinha',0,1),(328,33,'2023-11-09 20:00:00',5,14,'Nilton Santos',3,4),(329,33,'2023-11-09 20:00:00',4,9,'Itaipava Arena Fonte Nova',0,3),(330,33,'2023-11-22 19:00:00',8,20,'Mineirão',2,2),(331,34,'2023-11-11 16:00:00',7,8,'Couto Pereira',1,0),(332,34,'2023-11-11 18:30:00',10,11,'Maracanã',1,1),(333,34,'2023-11-11 21:00:00',16,15,'Allianz Parque',3,0),(334,34,'2023-11-12 16:00:00',17,5,'Nabi Abi Chedid',2,2),(335,34,'2023-11-12 16:00:00',14,6,'Arena do Gremio',0,1),(336,34,'2023-11-12 18:30:00',20,1,'São Januário',2,1),(337,34,'2023-11-12 18:30:00',18,19,'Vila Belmiro',0,0),(338,34,'2023-11-12 18:30:00',3,13,'Arena MRV',2,1),(339,34,'2023-11-12 18:30:00',4,2,'Itaipava Arena Fonte Nova',1,1),(340,34,'2023-11-12 18:30:00',9,12,'Arena Pantanal',2,1),(341,35,'2023-11-24 21:00:00',6,4,'Neo Química Arena',1,5),(342,35,'2023-11-25 19:30:00',2,20,'Ligga Arena',0,0),(343,35,'2023-11-25 21:00:00',11,7,'Maracanã',2,1),(344,35,'2023-11-26 16:00:00',5,18,'Nilton Santos',1,1),(345,35,'2023-11-26 16:00:00',3,14,'Arena MRV',3,0),(346,35,'2023-11-26 18:30:00',19,9,'Morumbi',0,0),(347,35,'2023-11-26 18:30:00',15,17,'Beira Rio',1,0),(348,35,'2023-11-26 18:30:00',12,16,'Castelão',2,2),(349,35,'2023-11-26 18:30:00',1,10,'Independência',0,3),(350,35,'2023-11-27 21:00:00',13,8,'Serrinha',0,1),(351,36,'2023-11-28 21:30:00',20,6,'São Januário',2,4),(352,36,'2023-11-29 19:00:00',18,11,'Vila Belmiro',0,3),(353,36,'2023-11-29 19:30:00',10,3,'Maracanã',0,3),(354,36,'2023-11-29 20:00:00',4,19,'Itaipava Arena Fonte Nova',0,1),(355,36,'2023-11-29 20:00:00',9,15,'Arena Pantanal',0,2),(356,36,'2023-11-29 21:30:00',16,1,'Allianz Parque',4,0),(357,36,'2023-11-29 21:30:00',7,5,'Couto Pereira',1,1),(358,36,'2023-11-30 19:00:00',14,13,'Arena do Gremio',2,1),(359,36,'2023-11-30 20:00:00',8,2,'Mineirão',1,1),(360,36,'2023-11-30 20:30:00',17,12,'Nabi Abi Chedid',1,2),(361,37,'2023-11-29 18:00:00',6,15,'Neo Química Arena',1,2),(362,37,'2023-11-29 21:00:00',3,19,'Arena MRV',2,1),(363,37,'2023-11-29 16:00:00',10,9,'Maracanã',2,1),(364,37,'2023-11-29 16:00:00',16,11,'Allianz Parque',1,0),(365,37,'2023-11-29 18:30:00',5,8,'Nilton Santos',0,0),(366,37,'2023-11-29 18:30:00',17,7,'Nabi Abi Chedid',1,0),(367,37,'2023-11-29 18:30:00',14,20,'Arena do Gremio',1,0),(368,37,'2023-11-29 18:30:00',2,18,'Ligga Arena',3,0),(369,37,'2023-11-29 18:30:00',12,13,'Castelão',1,0),(370,37,'2023-11-29 18:30:00',1,4,'Independência',3,2),(371,38,'2023-12-06 19:00:00',13,1,'Serrinha',1,0),(372,38,'2023-12-06 21:30:00',11,14,'Maracanã',2,3),(373,38,'2023-12-06 21:30:00',20,17,'São Januário',2,1),(374,38,'2023-12-06 21:30:00',19,10,'Morumbi',1,0),(375,38,'2023-12-06 21:30:00',18,12,'Vila Belmiro',1,2),(376,38,'2023-12-06 21:30:00',8,16,'Mineirão',1,1),(377,38,'2023-12-06 21:30:00',15,5,'Beira Rio',3,1),(378,38,'2023-12-06 21:30:00',7,6,'Couto Pereira',0,2),(379,38,'2023-12-06 21:30:00',4,3,'Itaipava Arena Fonte Nova',4,1),(380,38,'2023-12-06 21:30:00',9,2,'Arena Pantanal',3,0);
/*!40000 ALTER TABLE `Partidas` ENABLE KEYS */;
UNLOCK TABLES;

--
-- Temporary view structure for view `PartidasOrdenadas`
--

DROP TABLE IF EXISTS `PartidasOrdenadas`;
/*!50001 DROP VIEW IF EXISTS `PartidasOrdenadas`*/;
SET @saved_cs_client     = @@character_set_client;
/*!50503 SET character_set_client = utf8mb4 */;
/*!50001 CREATE VIEW `PartidasOrdenadas` AS SELECT 
 1 AS `ID_Partida`,
 1 AS `Rodada`,
 1 AS `DiaHora`,
 1 AS `EquipeMandanteID`,
 1 AS `EquipeVisitanteID`,
 1 AS `Estadio_Partida`,
 1 AS `GolsMandante`,
 1 AS `GolsVisitante`,
 1 AS `Mandante`,
 1 AS `Visitante`*/;
SET character_set_client = @saved_cs_client;

--
-- Table structure for table `Tabela_Brasileirao`
--

DROP TABLE IF EXISTS `Tabela_Brasileirao`;
/*!40101 SET @saved_cs_client     = @@character_set_client */;
/*!50503 SET character_set_client = utf8mb4 */;
CREATE TABLE `Tabela_Brasileirao` (
  `POS` int NOT NULL AUTO_INCREMENT,
  `EquipeID` int DEFAULT NULL,
  `Pts` int DEFAULT NULL,
  `Jogos` int DEFAULT NULL,
  `Vitoria` int DEFAULT NULL,
  `Empate` int DEFAULT NULL,
  `Derrota` int DEFAULT NULL,
  `GP` int DEFAULT NULL,
  `GC` int DEFAULT NULL,
  `SG` int DEFAULT NULL,
  `CA` int DEFAULT NULL,
  `CV` int DEFAULT NULL,
  PRIMARY KEY (`POS`),
  KEY `EquipeID` (`EquipeID`),
  CONSTRAINT `Tabela_Brasileirao_ibfk_1` FOREIGN KEY (`EquipeID`) REFERENCES `Equipe` (`ID_Equipe`)
) ENGINE=InnoDB AUTO_INCREMENT=21 DEFAULT CHARSET=utf8mb4 COLLATE=utf8mb4_0900_ai_ci;
/*!40101 SET character_set_client = @saved_cs_client */;

--
-- Dumping data for table `Tabela_Brasileirao`
--

LOCK TABLES `Tabela_Brasileirao` WRITE;
/*!40000 ALTER TABLE `Tabela_Brasileirao` DISABLE KEYS */;
INSERT INTO `Tabela_Brasileirao` VALUES (1,1,0,0,0,0,0,0,0,0,0,0),(2,2,0,0,0,0,0,0,0,0,0,0),(3,3,0,0,0,0,0,0,0,0,0,0),(4,4,0,0,0,0,0,0,0,0,0,0),(5,5,0,0,0,0,0,0,0,0,0,0),(6,6,0,0,0,0,0,0,0,0,0,0),(7,7,0,0,0,0,0,0,0,0,0,0),(8,8,0,0,0,0,0,0,0,0,0,0),(9,9,0,0,0,0,0,0,0,0,0,0),(10,10,0,0,0,0,0,0,0,0,0,0),(11,11,0,0,0,0,0,0,0,0,0,0),(12,12,0,0,0,0,0,0,0,0,0,0),(13,13,0,0,0,0,0,0,0,0,0,0),(14,14,0,0,0,0,0,0,0,0,0,0),(15,15,0,0,0,0,0,0,0,0,0,0),(16,16,0,0,0,0,0,0,0,0,0,0),(17,17,0,0,0,0,0,0,0,0,0,0),(18,18,0,0,0,0,0,0,0,0,0,0),(19,19,0,0,0,0,0,0,0,0,0,0),(20,20,0,0,0,0,0,0,0,0,0,0);
/*!40000 ALTER TABLE `Tabela_Brasileirao` ENABLE KEYS */;
UNLOCK TABLES;

--
-- Table structure for table `Usuarios`
--

DROP TABLE IF EXISTS `Usuarios`;
/*!40101 SET @saved_cs_client     = @@character_set_client */;
/*!50503 SET character_set_client = utf8mb4 */;
CREATE TABLE `Usuarios` (
  `id` int NOT NULL AUTO_INCREMENT,
  `username` varchar(100) NOT NULL,
  `password` varchar(255) NOT NULL,
  `email` varchar(100) DEFAULT NULL,
  `nome_completo` varchar(255) NOT NULL,
  PRIMARY KEY (`id`),
  UNIQUE KEY `nome_de_usuario` (`username`)
) ENGINE=InnoDB AUTO_INCREMENT=4 DEFAULT CHARSET=utf8mb4 COLLATE=utf8mb4_0900_ai_ci;
/*!40101 SET character_set_client = @saved_cs_client */;

--
-- Dumping data for table `Usuarios`
--

LOCK TABLES `Usuarios` WRITE;
/*!40000 ALTER TABLE `Usuarios` DISABLE KEYS */;
INSERT INTO `Usuarios` VALUES (3,'admin','$2b$12$BO/hwh5LjBwi/9kRG1QqXOtIxjkwBXQipanp/BN0ac7pYI6/yuCFO','xulambs@admin.com','Xulambs Silva Sauro');
/*!40000 ALTER TABLE `Usuarios` ENABLE KEYS */;
UNLOCK TABLES;

--
-- Final view structure for view `Artilheiro`
--

/*!50001 DROP VIEW IF EXISTS `Artilheiro`*/;
/*!50001 SET @saved_cs_client          = @@character_set_client */;
/*!50001 SET @saved_cs_results         = @@character_set_results */;
/*!50001 SET @saved_col_connection     = @@collation_connection */;
/*!50001 SET character_set_client      = utf8mb4 */;
/*!50001 SET character_set_results     = utf8mb4 */;
/*!50001 SET collation_connection      = utf8mb4_0900_ai_ci */;
/*!50001 CREATE ALGORITHM=UNDEFINED */
/*!50013 DEFINER=`root`@`localhost` SQL SECURITY DEFINER */
/*!50001 VIEW `Artilheiro` AS select `A`.`ID_Atleta` AS `ID_Atleta`,`E`.`Nome_Equipe` AS `Nome_Equipe`,`A`.`Nome_Atleta` AS `Nome_Atleta`,`A`.`GOLS` AS `GOLS`,`A`.`JOGOS` AS `JOGOS` from (`Atleta` `A` join `Equipe` `E` on((`A`.`EquipeID` = `E`.`ID_Equipe`))) order by `A`.`GOLS` desc limit 20 */;
/*!50001 SET character_set_client      = @saved_cs_client */;
/*!50001 SET character_set_results     = @saved_cs_results */;
/*!50001 SET collation_connection      = @saved_col_connection */;

--
-- Final view structure for view `CartoesAmarelos`
--

/*!50001 DROP VIEW IF EXISTS `CartoesAmarelos`*/;
/*!50001 SET @saved_cs_client          = @@character_set_client */;
/*!50001 SET @saved_cs_results         = @@character_set_results */;
/*!50001 SET @saved_col_connection     = @@collation_connection */;
/*!50001 SET character_set_client      = utf8mb4 */;
/*!50001 SET character_set_results     = utf8mb4 */;
/*!50001 SET collation_connection      = utf8mb4_0900_ai_ci */;
/*!50001 CREATE ALGORITHM=UNDEFINED */
/*!50013 DEFINER=`root`@`localhost` SQL SECURITY DEFINER */
/*!50001 VIEW `CartoesAmarelos` AS select `A`.`ID_Atleta` AS `ID_Atleta`,`E`.`Nome_Equipe` AS `Nome_Equipe`,`A`.`Nome_Atleta` AS `Nome_Atleta`,`A`.`CA` AS `CA`,`A`.`JOGOS` AS `JOGOS` from (`Atleta` `A` join `Equipe` `E` on((`A`.`EquipeID` = `E`.`ID_Equipe`))) order by `A`.`CA` desc limit 20 */;
/*!50001 SET character_set_client      = @saved_cs_client */;
/*!50001 SET character_set_results     = @saved_cs_results */;
/*!50001 SET collation_connection      = @saved_col_connection */;

--
-- Final view structure for view `CartoesVermelhos`
--

/*!50001 DROP VIEW IF EXISTS `CartoesVermelhos`*/;
/*!50001 SET @saved_cs_client          = @@character_set_client */;
/*!50001 SET @saved_cs_results         = @@character_set_results */;
/*!50001 SET @saved_col_connection     = @@collation_connection */;
/*!50001 SET character_set_client      = utf8mb4 */;
/*!50001 SET character_set_results     = utf8mb4 */;
/*!50001 SET collation_connection      = utf8mb4_0900_ai_ci */;
/*!50001 CREATE ALGORITHM=UNDEFINED */
/*!50013 DEFINER=`root`@`localhost` SQL SECURITY DEFINER */
/*!50001 VIEW `CartoesVermelhos` AS select `A`.`ID_Atleta` AS `ID_Atleta`,`E`.`Nome_Equipe` AS `Nome_Equipe`,`A`.`Nome_Atleta` AS `Nome_Atleta`,`A`.`CV` AS `CV`,`A`.`JOGOS` AS `JOGOS` from (`Atleta` `A` join `Equipe` `E` on((`A`.`EquipeID` = `E`.`ID_Equipe`))) order by `A`.`CV` desc limit 20 */;
/*!50001 SET character_set_client      = @saved_cs_client */;
/*!50001 SET character_set_results     = @saved_cs_results */;
/*!50001 SET collation_connection      = @saved_col_connection */;

--
-- Final view structure for view `Classificacao`
--

/*!50001 DROP VIEW IF EXISTS `Classificacao`*/;
/*!50001 SET @saved_cs_client          = @@character_set_client */;
/*!50001 SET @saved_cs_results         = @@character_set_results */;
/*!50001 SET @saved_col_connection     = @@collation_connection */;
/*!50001 SET character_set_client      = utf8mb4 */;
/*!50001 SET character_set_results     = utf8mb4 */;
/*!50001 SET collation_connection      = utf8mb4_0900_ai_ci */;
/*!50001 CREATE ALGORITHM=UNDEFINED */
/*!50013 DEFINER=`root`@`localhost` SQL SECURITY DEFINER */
/*!50001 VIEW `Classificacao` AS select row_number() OVER (ORDER BY `T`.`Pts` desc,`T`.`Vitoria` desc,`T`.`SG` desc,`T`.`GP` desc,`T`.`GC`,`T`.`CV`,`T`.`CA` )  AS `POS`,`E`.`Nome_Equipe` AS `Nome`,`T`.`Pts` AS `Pts`,`T`.`Jogos` AS `Jogos`,`T`.`Vitoria` AS `Vitoria`,`T`.`Empate` AS `Empate`,`T`.`Derrota` AS `Derrota`,`T`.`GP` AS `GP`,`T`.`GC` AS `GC`,`T`.`SG` AS `SG`,`T`.`CA` AS `CA`,`T`.`CV` AS `CV` from (`Tabela_Brasileirao` `T` join `Equipe` `E` on((`T`.`EquipeID` = `E`.`ID_Equipe`))) */;
/*!50001 SET character_set_client      = @saved_cs_client */;
/*!50001 SET character_set_results     = @saved_cs_results */;
/*!50001 SET collation_connection      = @saved_col_connection */;

--
-- Final view structure for view `PartidasOrdenadas`
--

/*!50001 DROP VIEW IF EXISTS `PartidasOrdenadas`*/;
/*!50001 SET @saved_cs_client          = @@character_set_client */;
/*!50001 SET @saved_cs_results         = @@character_set_results */;
/*!50001 SET @saved_col_connection     = @@collation_connection */;
/*!50001 SET character_set_client      = utf8mb4 */;
/*!50001 SET character_set_results     = utf8mb4 */;
/*!50001 SET collation_connection      = utf8mb4_0900_ai_ci */;
/*!50001 CREATE ALGORITHM=UNDEFINED */
/*!50013 DEFINER=`root`@`localhost` SQL SECURITY DEFINER */
/*!50001 VIEW `PartidasOrdenadas` AS select `p`.`ID_Partida` AS `ID_Partida`,`p`.`Rodada` AS `Rodada`,`p`.`DiaHora` AS `DiaHora`,`p`.`EquipeMandanteID` AS `EquipeMandanteID`,`p`.`EquipeVisitanteID` AS `EquipeVisitanteID`,`p`.`Estadio_Partida` AS `Estadio_Partida`,`p`.`GolsMandante` AS `GolsMandante`,`p`.`GolsVisitante` AS `GolsVisitante`,`e1`.`Nome_Equipe` AS `Mandante`,`e2`.`Nome_Equipe` AS `Visitante` from ((`Partidas` `p` join `Equipe` `e1` on((`p`.`EquipeMandanteID` = `e1`.`ID_Equipe`))) join `Equipe` `e2` on((`p`.`EquipeVisitanteID` = `e2`.`ID_Equipe`))) order by str_to_date(`p`.`DiaHora`,'%Y-%m-%d %H:%i:%s') */;
/*!50001 SET character_set_client      = @saved_cs_client */;
/*!50001 SET character_set_results     = @saved_cs_results */;
/*!50001 SET collation_connection      = @saved_col_connection */;
/*!40103 SET TIME_ZONE=@OLD_TIME_ZONE */;

/*!40101 SET SQL_MODE=@OLD_SQL_MODE */;
/*!40014 SET FOREIGN_KEY_CHECKS=@OLD_FOREIGN_KEY_CHECKS */;
/*!40014 SET UNIQUE_CHECKS=@OLD_UNIQUE_CHECKS */;
/*!40101 SET CHARACTER_SET_CLIENT=@OLD_CHARACTER_SET_CLIENT */;
/*!40101 SET CHARACTER_SET_RESULTS=@OLD_CHARACTER_SET_RESULTS */;
/*!40101 SET COLLATION_CONNECTION=@OLD_COLLATION_CONNECTION */;
/*!40111 SET SQL_NOTES=@OLD_SQL_NOTES */;

-- Dump completed on 2023-12-08 10:36:45
